"mal_id","dub_status_de"
1,"dubbed"
6,"dubbed"
7,"dubbed"
8,"dubbed"
15,"dubbed, partially dubbed"
16,"dubbed"
17,"unknown"
18,"dubbed"
20,"dubbed"
21,"dubbed"
22,"dubbed, partially dubbed"
23,"unknown"
24,"dubbed"
25,"dubbed"
27,"dubbed"
28,"dubbed"
29,"dubbed"
30,"dubbed"
45,"dubbed"
48,"dubbed"
50,"dubbed"
52,"dubbed"
53,"dubbed"
55,"dubbed"
56,"dubbed"
57,"dubbed"
59,"dubbed"
60,"dubbed"
61,"dubbed"
62,"unknown"
64,"dubbed"
65,"dubbed"
66,"dubbed"
67,"dubbed"
68,"dubbed"
69,"unknown"
71,"dubbed"
72,"dubbed"
73,"dubbed"
74,"dubbed"
75,"dubbed"
76,"dubbed"
77,"dubbed"
80,"dubbed"
85,"dubbed"
86,"dubbed"
89,"unknown"
90,"dubbed"
92,"unknown"
93,"dubbed"
94,"dubbed"
95,"unknown"
96,"dubbed"
97,"dubbed"
98,"dubbed"
99,"dubbed"
100,"dubbed"
101,"dubbed"
102,"unknown"
103,"unknown"
104,"dubbed"
105,"dubbed"
106,"dubbed"
107,"dubbed"
109,"dubbed"
110,"unknown"
111,"dubbed"
112,"unknown"
113,"dubbed"
114,"dubbed"
115,"dubbed"
116,"dubbed"
119,"unknown"
120,"dubbed"
121,"dubbed"
122,"dubbed, partially dubbed"
123,"dubbed"
125,"unknown"
126,"unknown"
127,"dubbed"
129,"dubbed"
130,"dubbed"
131,"dubbed"
132,"dubbed"
134,"dubbed"
135,"dubbed"
136,"dubbed"
141,"dubbed"
142,"unknown"
143,"dubbed"
144,"dubbed"
145,"dubbed"
148,"dubbed"
149,"dubbed"
150,"dubbed"
152,"dubbed"
153,"dubbed"
154,"dubbed"
157,"dubbed"
158,"dubbed"
159,"dubbed"
160,"dubbed"
161,"dubbed"
162,"dubbed"
163,"dubbed"
165,"dubbed"
166,"dubbed"
167,"dubbed"
168,"dubbed"
169,"dubbed"
170,"dubbed, partially dubbed"
171,"dubbed"
173,"dubbed"
174,"dubbed"
175,"dubbed"
177,"dubbed"
178,"dubbed"
180,"dubbed"
181,"dubbed"
182,"dubbed"
183,"unknown"
184,"dubbed"
185,"dubbed"
186,"dubbed"
189,"dubbed"
195,"dubbed"
196,"dubbed"
200,"unknown"
202,"dubbed"
204,"dubbed"
205,"dubbed"
206,"dubbed"
209,"dubbed"
218,"dubbed"
223,"dubbed"
225,"dubbed"
228,"dubbed"
229,"dubbed"
230,"dubbed"
231,"dubbed"
232,"dubbed"
233,"dubbed"
234,"dubbed"
235,"dubbed, partially dubbed"
236,"dubbed"
237,"dubbed"
238,"dubbed"
239,"dubbed"
240,"dubbed"
242,"dubbed"
243,"dubbed"
244,"unknown"
245,"dubbed"
246,"dubbed"
247,"unknown"
248,"unknown"
249,"dubbed"
250,"dubbed, partially dubbed"
251,"dubbed"
252,"dubbed"
253,"dubbed"
260,"dubbed"
261,"unknown"
263,"dubbed"
266,"dubbed"
267,"dubbed"
269,"dubbed"
270,"dubbed"
271,"dubbed"
272,"dubbed"
273,"dubbed"
278,"dubbed, partially dubbed"
279,"dubbed"
280,"dubbed"
282,"unknown"
283,"dubbed"
284,"dubbed"
285,"dubbed"
286,"dubbed"
287,"dubbed"
288,"dubbed"
289,"dubbed"
290,"dubbed"
291,"unknown"
292,"dubbed"
293,"dubbed"
295,"dubbed"
296,"dubbed"
297,"dubbed"
298,"dubbed"
301,"dubbed"
302,"dubbed"
303,"dubbed"
307,"dubbed, partially dubbed"
308,"dubbed"
309,"unknown"
310,"dubbed"
311,"unknown"
318,"dubbed"
322,"dubbed"
324,"dubbed"
325,"dubbed"
326,"dubbed"
327,"dubbed"
328,"dubbed"
329,"dubbed"
331,"unknown"
332,"unknown"
333,"unknown"
334,"dubbed"
335,"dubbed"
336,"unknown"
337,"unknown"
338,"unknown"
339,"dubbed"
340,"dubbed"
341,"dubbed"
342,"dubbed"
343,"dubbed"
344,"dubbed"
345,"dubbed"
346,"unknown"
347,"dubbed"
348,"dubbed"
349,"unknown"
350,"dubbed"
351,"unknown"
352,"unknown"
353,"unknown"
355,"dubbed"
356,"dubbed"
360,"dubbed"
364,"unknown"
370,"dubbed"
375,"dubbed"
379,"dubbed"
383,"dubbed"
385,"dubbed"
386,"unknown"
387,"dubbed"
388,"unknown"
390,"dubbed"
392,"dubbed"
394,"dubbed"
396,"dubbed"
397,"dubbed"
406,"unknown"
407,"dubbed"
411,"dubbed"
417,"dubbed"
419,"dubbed"
421,"dubbed"
424,"dubbed"
427,"dubbed"
435,"dubbed"
440,"dubbed"
444,"dubbed"
445,"unknown"
446,"dubbed"
447,"dubbed"
455,"dubbed"
456,"dubbed"
457,"dubbed"
467,"dubbed"
469,"dubbed"
470,"unknown"
471,"unknown"
472,"dubbed"
473,"dubbed"
476,"dubbed"
477,"dubbed"
478,"dubbed"
479,"dubbed"
481,"dubbed"
482,"dubbed, partially dubbed"
483,"dubbed"
485,"unknown"
486,"dubbed"
488,"dubbed"
489,"dubbed"
490,"dubbed"
495,"dubbed"
501,"unknown"
505,"unknown"
506,"unknown"
508,"dubbed, partially dubbed"
509,"dubbed"
511,"dubbed"
516,"dubbed, partially dubbed"
518,"dubbed, partially dubbed"
519,"unknown"
521,"dubbed"
525,"dubbed"
527,"dubbed"
529,"dubbed"
530,"dubbed"
532,"dubbed"
533,"dubbed"
534,"dubbed"
535,"dubbed"
538,"dubbed"
545,"dubbed"
546,"unknown"
550,"unknown"
551,"dubbed"
552,"dubbed"
553,"dubbed"
558,"unknown"
561,"dubbed"
563,"dubbed"
567,"dubbed"
568,"dubbed"
569,"dubbed"
573,"dubbed"
576,"dubbed"
577,"unknown"
579,"unknown"
580,"unknown"
582,"unknown"
584,"dubbed"
586,"dubbed"
587,"unknown"
589,"unknown"
590,"unknown"
592,"unknown"
593,"dubbed"
598,"dubbed"
600,"unknown"
603,"dubbed"
604,"dubbed"
605,"dubbed, partially dubbed"
606,"dubbed"
607,"unknown"
611,"unknown"
612,"unknown"
613,"unknown"
614,"unknown"
616,"unknown"
618,"dubbed"
620,"dubbed"
623,"dubbed"
626,"unknown"
627,"unknown"
630,"dubbed"
633,"unknown"
634,"dubbed"
635,"dubbed"
636,"dubbed"
646,"unknown"
648,"unknown"
652,"dubbed"
653,"dubbed"
655,"dubbed, partially dubbed"
658,"unknown"
667,"dubbed"
670,"unknown"
671,"unknown"
677,"unknown"
678,"dubbed"
682,"dubbed"
684,"unknown"
685,"unknown"
687,"dubbed, partially dubbed"
688,"unknown"
690,"dubbed"
691,"unknown"
693,"dubbed"
694,"unknown"
696,"dubbed"
706,"dubbed"
708,"unknown"
709,"unknown"
710,"dubbed"
712,"unknown"
714,"unknown"
721,"dubbed"
727,"unknown"
729,"unknown"
738,"dubbed, partially dubbed"
740,"dubbed"
744,"dubbed"
749,"unknown"
750,"dubbed"
751,"unknown"
754,"unknown"
763,"dubbed"
764,"dubbed"
771,"unknown"
776,"dubbed"
782,"dubbed"
783,"dubbed"
786,"unknown"
789,"dubbed"
790,"dubbed"
795,"unknown"
798,"unknown"
799,"unknown"
800,"dubbed"
801,"dubbed"
810,"unknown"
812,"dubbed"
813,"dubbed"
817,"unknown"
831,"dubbed"
833,"dubbed"
835,"unknown"
836,"dubbed"
838,"dubbed"
840,"dubbed"
845,"dubbed"
846,"dubbed"
849,"dubbed"
850,"unknown"
852,"unknown"
853,"dubbed"
854,"unknown"
855,"unknown"
856,"dubbed"
858,"unknown"
859,"dubbed"
860,"dubbed"
861,"dubbed"
863,"unknown"
865,"unknown"
872,"dubbed"
873,"dubbed"
874,"dubbed"
876,"dubbed"
878,"dubbed"
879,"unknown"
880,"dubbed"
888,"dubbed"
889,"dubbed"
890,"dubbed"
907,"unknown"
909,"dubbed"
910,"unknown"
912,"unknown"
913,"unknown"
915,"unknown"
916,"dubbed"
918,"dubbed, partially dubbed"
919,"unknown"
924,"dubbed"
925,"dubbed"
926,"dubbed"
927,"dubbed"
928,"dubbed"
929,"dubbed"
930,"unknown"
934,"dubbed"
935,"dubbed"
940,"unknown"
942,"unknown"
943,"unknown"
944,"dubbed"
951,"dubbed"
952,"dubbed"
953,"dubbed"
956,"dubbed, partially dubbed"
957,"dubbed"
958,"dubbed"
959,"dubbed"
960,"unknown"
961,"dubbed, partially dubbed"
962,"dubbed"
965,"unknown"
966,"dubbed, partially dubbed"
967,"dubbed, partially dubbed"
968,"unknown"
969,"dubbed"
970,"unknown"
971,"dubbed"
973,"dubbed"
980,"dubbed"
988,"unknown"
990,"unknown"
992,"dubbed"
996,"dubbed"
998,"dubbed"
1000,"dubbed, partially dubbed"
1005,"dubbed"
1013,"dubbed"
1017,"dubbed"
1018,"dubbed"
1019,"dubbed"
1021,"unknown"
1022,"dubbed"
1035,"unknown"
1037,"unknown"
1040,"unknown"
1045,"dubbed"
1046,"dubbed"
1048,"dubbed"
1050,"dubbed"
1062,"unknown"
1065,"unknown"
1067,"unknown"
1068,"unknown"
1069,"dubbed"
1070,"unknown"
1082,"dubbed"
1083,"dubbed"
1086,"dubbed"
1087,"unknown"
1088,"dubbed"
1093,"unknown"
1098,"dubbed"
1108,"dubbed"
1110,"unknown"
1123,"unknown"
1126,"dubbed"
1132,"dubbed"
1133,"dubbed"
1136,"dubbed"
1137,"dubbed"
1138,"dubbed"
1139,"dubbed"
1142,"dubbed"
1145,"dubbed"
1156,"dubbed"
1157,"dubbed"
1161,"dubbed"
1163,"dubbed"
1164,"dubbed"
1167,"dubbed"
1172,"dubbed"
1175,"dubbed"
1179,"dubbed"
1180,"dubbed"
1184,"dubbed"
1186,"dubbed"
1188,"unknown"
1189,"dubbed"
1193,"unknown"
1194,"dubbed"
1195,"dubbed"
1196,"unknown"
1198,"unknown"
1199,"unknown"
1200,"unknown"
1212,"dubbed"
1214,"unknown"
1218,"unknown"
1221,"dubbed"
1222,"unknown"
1224,"dubbed"
1226,"dubbed"
1230,"dubbed"
1231,"dubbed"
1236,"dubbed"
1239,"dubbed"
1243,"unknown"
1246,"dubbed"
1247,"dubbed"
1249,"dubbed"
1250,"dubbed"
1251,"dubbed"
1254,"dubbed"
1261,"dubbed"
1264,"dubbed"
1279,"dubbed"
1281,"dubbed"
1293,"dubbed, partially dubbed"
1300,"dubbed"
1312,"dubbed"
1313,"dubbed"
1314,"unknown"
1316,"dubbed, partially dubbed"
1325,"unknown"
1327,"unknown"
1333,"dubbed"
1337,"unknown"
1349,"dubbed"
1356,"unknown"
1371,"dubbed"
1372,"dubbed"
1374,"dubbed"
1375,"unknown"
1377,"unknown"
1391,"unknown"
1397,"unknown"
1409,"dubbed"
1410,"dubbed"
1412,"dubbed"
1425,"dubbed, partially dubbed"
1445,"dubbed"
1448,"dubbed"
1450,"dubbed"
1456,"dubbed"
1458,"dubbed, partially dubbed"
1459,"dubbed"
1465,"dubbed"
1466,"dubbed"
1469,"dubbed"
1470,"unknown"
1471,"unknown"
1472,"unknown"
1473,"unknown"
1482,"dubbed"
1483,"dubbed"
1485,"unknown"
1486,"dubbed, partially dubbed"
1490,"dubbed"
1491,"unknown"
1492,"dubbed"
1493,"dubbed"
1498,"dubbed"
1502,"unknown"
1508,"unknown"
1509,"dubbed"
1516,"unknown"
1517,"dubbed"
1519,"dubbed"
1524,"dubbed"
1530,"dubbed"
1532,"unknown"
1533,"dubbed"
1534,"unknown"
1535,"dubbed"
1536,"dubbed"
1537,"unknown"
1538,"dubbed"
1541,"unknown"
1542,"dubbed"
1543,"unknown"
1546,"dubbed"
1547,"unknown"
1548,"dubbed"
1550,"unknown"
1554,"dubbed"
1555,"unknown"
1557,"dubbed"
1559,"dubbed"
1561,"unknown"
1562,"dubbed"
1563,"dubbed"
1564,"dubbed"
1565,"dubbed"
1567,"dubbed, partially dubbed"
1568,"unknown"
1569,"unknown"
1570,"unknown"
1571,"dubbed"
1572,"dubbed"
1573,"dubbed"
1574,"dubbed"
1575,"dubbed"
1578,"unknown"
1579,"dubbed"
1581,"unknown"
1583,"dubbed"
1587,"dubbed"
1588,"unknown"
1589,"unknown"
1590,"unknown"
1591,"dubbed"
1592,"unknown"
1594,"dubbed"
1597,"dubbed"
1599,"dubbed"
1600,"unknown"
1601,"dubbed"
1603,"unknown"
1604,"unknown"
1606,"dubbed"
1607,"dubbed"
1614,"unknown"
1617,"unknown"
1618,"unknown"
1623,"unknown"
1628,"dubbed"
1638,"dubbed"
1642,"unknown"
1650,"dubbed"
1651,"dubbed"
1652,"dubbed"
1656,"unknown"
1661,"unknown"
1663,"unknown"
1664,"dubbed"
1666,"unknown"
1667,"unknown"
1668,"dubbed"
1669,"dubbed"
1672,"unknown"
1673,"unknown"
1674,"unknown"
1675,"dubbed"
1676,"dubbed"
1678,"dubbed"
1683,"dubbed"
1684,"unknown"
1685,"dubbed"
1688,"unknown"
1690,"unknown"
1691,"dubbed"
1693,"unknown"
1694,"unknown"
1695,"unknown"
1698,"dubbed"
1699,"dubbed"
1704,"unknown"
1705,"dubbed"
1706,"dubbed"
1707,"dubbed"
1710,"dubbed"
1711,"unknown"
1712,"unknown"
1713,"unknown"
1721,"unknown"
1722,"unknown"
1724,"unknown"
1726,"dubbed"
1727,"unknown"
1728,"dubbed"
1735,"dubbed"
1737,"unknown"
1738,"unknown"
1740,"unknown"
1744,"dubbed, partially dubbed"
1746,"dubbed"
1769,"dubbed"
1771,"unknown"
1775,"dubbed"
1778,"unknown"
1792,"dubbed"
1806,"unknown"
1808,"unknown"
1810,"dubbed"
1812,"unknown"
1816,"dubbed"
1823,"unknown"
1826,"dubbed"
1827,"dubbed"
1835,"dubbed, partially dubbed"
1836,"unknown"
1837,"dubbed"
1839,"unknown"
1840,"unknown"
1842,"unknown"
1844,"dubbed"
1845,"unknown"
1846,"dubbed"
1848,"unknown"
1852,"unknown"
1853,"unknown"
1858,"unknown"
1860,"dubbed"
1864,"unknown"
1865,"unknown"
1868,"unknown"
1872,"dubbed, partially dubbed"
1873,"unknown"
1878,"unknown"
1881,"dubbed"
1882,"dubbed"
1883,"unknown"
1884,"unknown"
1885,"unknown"
1886,"unknown"
1887,"dubbed"
1889,"unknown"
1891,"unknown"
1892,"unknown"
1893,"unknown"
1897,"dubbed, partially dubbed"
1899,"dubbed"
1912,"unknown"
1914,"dubbed"
1915,"unknown"
1929,"unknown"
1932,"dubbed"
1936,"unknown"
1942,"unknown"
1946,"dubbed, partially dubbed"
1947,"unknown"
1955,"unknown"
1960,"unknown"
1962,"dubbed"
1965,"unknown"
1972,"dubbed"
1974,"unknown"
1975,"unknown"
1985,"dubbed"
1986,"dubbed, partially dubbed"
1988,"unknown"
2001,"dubbed"
2002,"dubbed"
2004,"unknown"
2011,"dubbed"
2012,"unknown"
2014,"unknown"
2024,"unknown"
2025,"dubbed"
2026,"dubbed"
2030,"dubbed"
2031,"unknown"
2032,"unknown"
2034,"unknown"
2035,"dubbed"
2036,"dubbed"
2037,"unknown"
2038,"unknown"
2039,"unknown"
2040,"unknown"
2041,"dubbed"
2043,"unknown"
2044,"unknown"
2074,"unknown"
2075,"unknown"
2076,"unknown"
2084,"unknown"
2087,"unknown"
2089,"dubbed"
2104,"dubbed"
2105,"unknown"
2106,"unknown"
2108,"dubbed"
2109,"unknown"
2110,"unknown"
2112,"unknown"
2113,"unknown"
2116,"unknown"
2127,"unknown"
2128,"unknown"
2129,"unknown"
2130,"dubbed"
2142,"dubbed"
2150,"dubbed"
2151,"unknown"
2152,"dubbed"
2153,"unknown"
2155,"unknown"
2156,"dubbed"
2157,"unknown"
2158,"dubbed"
2159,"dubbed"
2161,"dubbed"
2162,"unknown"
2164,"dubbed"
2165,"unknown"
2166,"unknown"
2167,"dubbed"
2200,"unknown"
2203,"unknown"
2204,"unknown"
2213,"dubbed"
2214,"dubbed"
2215,"unknown"
2221,"unknown"
2222,"dubbed, partially dubbed"
2223,"dubbed, partially dubbed"
2224,"unknown"
2225,"dubbed"
2226,"unknown"
2227,"unknown"
2228,"unknown"
2229,"unknown"
2230,"dubbed, partially dubbed"
2231,"unknown"
2232,"unknown"
2233,"unknown"
2234,"unknown"
2243,"unknown"
2244,"unknown"
2245,"unknown"
2246,"unknown"
2251,"dubbed"
2252,"dubbed"
2253,"dubbed, partially dubbed"
2254,"unknown"
2255,"unknown"
2257,"unknown"
2259,"unknown"
2280,"dubbed, partially dubbed"
2281,"dubbed"
2282,"unknown"
2283,"unknown"
2284,"dubbed"
2285,"dubbed"
2287,"dubbed"
2288,"dubbed"
2316,"unknown"
2330,"unknown"
2331,"dubbed"
2333,"unknown"
2335,"unknown"
2337,"dubbed"
2361,"dubbed, partially dubbed"
2362,"unknown"
2363,"dubbed"
2369,"unknown"
2382,"unknown"
2383,"dubbed"
2389,"dubbed"
2390,"dubbed"
2391,"dubbed"
2400,"dubbed"
2402,"unknown"
2403,"unknown"
2404,"unknown"
2405,"unknown"
2406,"unknown"
2409,"dubbed"
2415,"unknown"
2416,"unknown"
2467,"dubbed"
2471,"dubbed, partially dubbed"
2484,"unknown"
2486,"dubbed"
2487,"unknown"
2489,"dubbed"
2495,"dubbed"
2503,"unknown"
2508,"dubbed"
2510,"dubbed"
2518,"unknown"
2521,"dubbed"
2523,"unknown"
2542,"unknown"
2543,"dubbed"
2544,"dubbed"
2545,"dubbed"
2546,"unknown"
2547,"dubbed"
2548,"dubbed"
2549,"unknown"
2552,"unknown"
2553,"unknown"
2554,"unknown"
2555,"unknown"
2556,"dubbed, partially dubbed"
2557,"unknown"
2558,"unknown"
2559,"unknown"
2561,"dubbed, partially dubbed"
2562,"unknown"
2564,"unknown"
2565,"dubbed"
2566,"unknown"
2567,"unknown"
2568,"dubbed"
2569,"dubbed"
2570,"unknown"
2571,"dubbed"
2572,"dubbed"
2573,"unknown"
2574,"dubbed"
2575,"unknown"
2576,"unknown"
2577,"dubbed"
2578,"unknown"
2579,"dubbed"
2581,"dubbed"
2582,"dubbed"
2595,"unknown"
2596,"dubbed"
2598,"unknown"
2602,"unknown"
2603,"unknown"
2604,"unknown"
2605,"unknown"
2608,"unknown"
2609,"unknown"
2612,"dubbed"
2613,"unknown"
2618,"unknown"
2619,"dubbed"
2620,"dubbed"
2624,"unknown"
2679,"unknown"
2683,"dubbed"
2684,"unknown"
2686,"dubbed, partially dubbed"
2687,"unknown"
2688,"dubbed, partially dubbed"
2699,"dubbed"
2700,"unknown"
2702,"unknown"
2703,"dubbed"
2704,"dubbed"
2705,"dubbed"
2706,"unknown"
2707,"unknown"
2709,"unknown"
2713,"unknown"
2716,"unknown"
2717,"unknown"
2718,"unknown"
2719,"unknown"
2723,"unknown"
2727,"unknown"
2732,"unknown"
2736,"unknown"
2740,"unknown"
2741,"unknown"
2744,"unknown"
2747,"dubbed, partially dubbed"
2748,"unknown"
2749,"unknown"
2757,"unknown"
2758,"unknown"
2762,"unknown"
2766,"unknown"
2769,"unknown"
2771,"unknown"
2772,"dubbed"
2781,"unknown"
2783,"dubbed"
2786,"dubbed"
2787,"dubbed"
2789,"dubbed"
2799,"unknown"
2800,"dubbed, partially dubbed"
2803,"unknown"
2804,"unknown"
2805,"unknown"
2806,"unknown"
2809,"unknown"
2810,"unknown"
2813,"dubbed"
2814,"dubbed"
2815,"dubbed"
2816,"dubbed"
2817,"dubbed"
2818,"unknown"
2819,"dubbed, partially dubbed"
2820,"unknown"
2822,"dubbed"
2823,"dubbed"
2824,"dubbed"
2825,"unknown"
2826,"dubbed"
2827,"unknown"
2828,"unknown"
2829,"dubbed"
2834,"unknown"
2835,"unknown"
2836,"dubbed, partially dubbed"
2882,"dubbed"
2885,"dubbed"
2892,"dubbed"
2903,"unknown"
2904,"dubbed"
2907,"dubbed"
2912,"unknown"
2913,"dubbed"
2916,"unknown"
2921,"unknown"
2923,"unknown"
2924,"dubbed"
2926,"unknown"
2927,"unknown"
2931,"unknown"
2933,"unknown"
2934,"unknown"
2938,"unknown"
2942,"unknown"
2963,"unknown"
2964,"dubbed"
2965,"unknown"
2966,"dubbed"
2970,"unknown"
2980,"unknown"
2985,"unknown"
2986,"dubbed"
2987,"unknown"
3000,"unknown"
3001,"unknown"
3002,"unknown"
3006,"unknown"
3008,"unknown"
3009,"unknown"
3010,"dubbed"
3012,"dubbed"
3020,"unknown"
3022,"unknown"
3023,"unknown"
3024,"dubbed"
3035,"unknown"
3036,"dubbed"
3044,"dubbed"
3053,"unknown"
3054,"unknown"
3059,"dubbed"
3075,"dubbed"
3079,"unknown"
3091,"unknown"
3092,"unknown"
3098,"dubbed"
3099,"unknown"
3101,"dubbed"
3104,"dubbed"
3110,"unknown"
3114,"unknown"
3116,"unknown"
3125,"unknown"
3129,"unknown"
3130,"unknown"
3131,"unknown"
3132,"dubbed"
3136,"unknown"
3137,"unknown"
3146,"unknown"
3151,"dubbed"
3159,"unknown"
3162,"unknown"
3166,"unknown"
3176,"unknown"
3182,"unknown"
3185,"dubbed"
3193,"unknown"
3194,"dubbed"
3196,"unknown"
3199,"dubbed"
3201,"dubbed"
3202,"dubbed"
3213,"unknown"
3225,"unknown"
3226,"unknown"
3228,"unknown"
3230,"dubbed"
3231,"dubbed"
3270,"dubbed"
3271,"dubbed"
3272,"unknown"
3281,"unknown"
3285,"unknown"
3290,"unknown"
3294,"unknown"
3295,"unknown"
3297,"dubbed"
3298,"unknown"
3299,"unknown"
3305,"unknown"
3312,"unknown"
3313,"unknown"
3315,"unknown"
3317,"unknown"
3322,"unknown"
3325,"unknown"
3327,"unknown"
3335,"unknown"
3345,"unknown"
3349,"unknown"
3355,"unknown"
3356,"unknown"
3358,"unknown"
3359,"unknown"
3361,"dubbed"
3363,"unknown"
3366,"unknown"
3369,"unknown"
3388,"unknown"
3389,"unknown"
3399,"unknown"
3407,"dubbed"
3420,"unknown"
3424,"unknown"
3425,"unknown"
3432,"unknown"
3433,"unknown"
3434,"dubbed"
3435,"unknown"
3436,"unknown"
3437,"unknown"
3438,"unknown"
3444,"unknown"
3457,"dubbed"
3460,"unknown"
3464,"unknown"
3467,"unknown"
3470,"dubbed"
3486,"unknown"
3493,"unknown"
3501,"unknown"
3505,"unknown"
3519,"unknown"
3545,"unknown"
3549,"unknown"
3550,"unknown"
3561,"unknown"
3568,"unknown"
3571,"dubbed, partially dubbed"
3572,"unknown"
3573,"unknown"
3576,"dubbed"
3577,"unknown"
3579,"unknown"
3588,"dubbed"
3594,"dubbed"
3604,"unknown"
3609,"dubbed"
3613,"unknown"
3614,"unknown"
3615,"unknown"
3619,"unknown"
3627,"unknown"
3630,"unknown"
3631,"unknown"
3637,"unknown"
3638,"dubbed"
3653,"dubbed"
3655,"dubbed"
3656,"unknown"
3660,"unknown"
3668,"unknown"
3670,"unknown"
3672,"unknown"
3673,"unknown"
3676,"unknown"
3683,"unknown"
3689,"unknown"
3690,"unknown"
3691,"unknown"
3692,"unknown"
3704,"unknown"
3710,"unknown"
3712,"unknown"
3713,"unknown"
3723,"dubbed"
3724,"unknown"
3731,"unknown"
3736,"unknown"
3737,"unknown"
3738,"unknown"
3750,"unknown"
3754,"unknown"
3761,"dubbed"
3765,"unknown"
3768,"unknown"
3772,"dubbed"
3776,"dubbed"
3800,"dubbed, partially dubbed"
3806,"unknown"
3807,"unknown"
3808,"unknown"
3809,"dubbed"
3810,"dubbed"
3811,"dubbed, partially dubbed"
3812,"dubbed"
3819,"unknown"
3823,"dubbed"
3825,"unknown"
3827,"unknown"
3834,"unknown"
3835,"unknown"
3836,"dubbed"
3837,"unknown"
3838,"unknown"
3839,"unknown"
3840,"unknown"
3841,"unknown"
3844,"unknown"
3845,"unknown"
3858,"dubbed"
3870,"unknown"
3873,"dubbed"
3874,"unknown"
3875,"unknown"
3876,"unknown"
3877,"unknown"
3878,"unknown"
3879,"unknown"
3880,"unknown"
3881,"unknown"
3885,"unknown"
3900,"dubbed"
3907,"unknown"
3909,"unknown"
3915,"dubbed, partially dubbed"
3927,"dubbed"
3932,"dubbed"
3935,"dubbed"
3936,"dubbed"
3947,"unknown"
3958,"unknown"
3969,"dubbed"
3972,"dubbed, partially dubbed"
3974,"dubbed"
4013,"unknown"
4021,"unknown"
4023,"dubbed"
4024,"dubbed"
4025,"dubbed"
4028,"dubbed"
4038,"unknown"
4044,"unknown"
4049,"dubbed"
4050,"unknown"
4051,"unknown"
4052,"dubbed"
4054,"unknown"
4056,"unknown"
4060,"dubbed"
4061,"dubbed"
4062,"unknown"
4066,"unknown"
4067,"unknown"
4068,"unknown"
4073,"dubbed, partially dubbed"
4080,"unknown"
4081,"unknown"
4083,"unknown"
4086,"unknown"
4087,"dubbed"
4088,"dubbed"
4101,"unknown"
4104,"unknown"
4113,"unknown"
4114,"unknown"
4119,"unknown"
4132,"unknown"
4151,"dubbed"
4154,"unknown"
4181,"dubbed"
4183,"unknown"
4186,"dubbed"
4189,"unknown"
4191,"unknown"
4192,"dubbed"
4197,"dubbed"
4198,"unknown"
4199,"dubbed"
4208,"dubbed"
4209,"unknown"
4211,"unknown"
4214,"dubbed"
4224,"dubbed"
4240,"unknown"
4242,"unknown"
4244,"unknown"
4264,"dubbed"
4286,"unknown"
4314,"unknown"
4316,"unknown"
4331,"unknown"
4332,"unknown"
4334,"unknown"
4339,"unknown"
4362,"unknown"
4375,"unknown"
4382,"dubbed"
4383,"unknown"
4411,"unknown"
4415,"dubbed"
4416,"dubbed"
4427,"unknown"
4439,"unknown"
4443,"unknown"
4444,"unknown"
4459,"unknown"
4468,"unknown"
4477,"unknown"
4483,"unknown"
4486,"unknown"
4504,"unknown"
4511,"unknown"
4514,"unknown"
4515,"dubbed"
4532,"unknown"
4536,"unknown"
4548,"unknown"
4549,"dubbed"
4550,"unknown"
4551,"unknown"
4553,"unknown"
4554,"dubbed"
4563,"unknown"
4574,"unknown"
4581,"dubbed"
4584,"unknown"
4586,"unknown"
4597,"unknown"
4599,"dubbed"
4614,"unknown"
4615,"dubbed"
4616,"unknown"
4618,"dubbed"
4651,"unknown"
4654,"dubbed"
4657,"unknown"
4662,"unknown"
4663,"unknown"
4667,"dubbed"
4690,"unknown"
4709,"unknown"
4720,"unknown"
4722,"dubbed"
4725,"dubbed"
4726,"dubbed"
4737,"unknown"
4742,"unknown"
4752,"dubbed"
4773,"unknown"
4782,"unknown"
4789,"dubbed"
4800,"unknown"
4801,"dubbed"
4807,"unknown"
4808,"unknown"
4810,"unknown"
4814,"unknown"
4823,"dubbed"
4879,"unknown"
4884,"unknown"
4896,"unknown"
4898,"dubbed"
4903,"unknown"
4908,"unknown"
4928,"unknown"
4929,"dubbed"
4933,"unknown"
4935,"unknown"
4936,"dubbed"
4962,"dubbed, partially dubbed"
4975,"dubbed"
4981,"dubbed"
4999,"unknown"
5005,"unknown"
5018,"unknown"
5022,"unknown"
5023,"unknown"
5027,"dubbed"
5028,"unknown"
5030,"dubbed"
5034,"dubbed"
5039,"dubbed"
5040,"unknown"
5041,"dubbed"
5052,"dubbed, partially dubbed"
5070,"unknown"
5071,"unknown"
5074,"dubbed"
5075,"unknown"
5079,"dubbed"
5081,"unknown"
5082,"dubbed"
5088,"unknown"
5091,"dubbed, partially dubbed"
5104,"unknown"
5112,"unknown"
5114,"dubbed"
5129,"dubbed"
5131,"unknown"
5141,"unknown"
5150,"unknown"
5153,"unknown"
5162,"unknown"
5189,"unknown"
5197,"unknown"
5200,"unknown"
5201,"unknown"
5203,"unknown"
5217,"unknown"
5220,"dubbed"
5223,"unknown"
5231,"dubbed"
5233,"dubbed"
5235,"unknown"
5241,"unknown"
5249,"unknown"
5250,"unknown"
5258,"unknown"
5262,"unknown"
5267,"unknown"
5273,"unknown"
5274,"unknown"
5276,"unknown"
5277,"dubbed"
5287,"unknown"
5292,"unknown"
5300,"unknown"
5304,"unknown"
5307,"unknown"
5311,"unknown"
5337,"dubbed"
5341,"dubbed"
5342,"unknown"
5355,"dubbed"
5356,"dubbed"
5375,"unknown"
5395,"unknown"
5397,"unknown"
5420,"unknown"
5440,"unknown"
5454,"unknown"
5474,"unknown"
5475,"unknown"
5476,"unknown"
5485,"unknown"
5494,"unknown"
5504,"unknown"
5505,"dubbed"
5507,"unknown"
5520,"unknown"
5525,"unknown"
5530,"unknown"
5534,"unknown"
5597,"unknown"
5600,"unknown"
5618,"dubbed"
5628,"unknown"
5630,"dubbed"
5636,"unknown"
5658,"unknown"
5670,"unknown"
5671,"unknown"
5675,"unknown"
5678,"unknown"
5680,"dubbed"
5682,"dubbed"
5684,"unknown"
5688,"unknown"
5690,"unknown"
5702,"unknown"
5712,"unknown"
5725,"dubbed"
5734,"unknown"
5760,"unknown"
5763,"dubbed"
5821,"unknown"
5829,"unknown"
5830,"unknown"
5832,"unknown"
5833,"dubbed"
5834,"unknown"
5835,"unknown"
5854,"unknown"
5883,"unknown"
5886,"unknown"
5891,"unknown"
5908,"unknown"
5909,"unknown"
5914,"unknown"
5935,"unknown"
5938,"unknown"
5941,"unknown"
5945,"unknown"
5953,"unknown"
5958,"dubbed"
5962,"dubbed"
5967,"dubbed"
5968,"dubbed"
5983,"unknown"
5984,"unknown"
5992,"unknown"
5997,"unknown"
6008,"unknown"
6012,"unknown"
6023,"unknown"
6024,"unknown"
6030,"dubbed"
6033,"dubbed"
6045,"unknown"
6055,"unknown"
6056,"unknown"
6067,"unknown"
6069,"dubbed"
6075,"unknown"
6077,"unknown"
6087,"unknown"
6093,"unknown"
6098,"unknown"
6114,"unknown"
6116,"unknown"
6117,"unknown"
6119,"unknown"
6129,"unknown"
6130,"unknown"
6131,"unknown"
6149,"dubbed, partially dubbed"
6164,"unknown"
6165,"unknown"
6201,"unknown"
6203,"unknown"
6205,"dubbed"
6211,"dubbed"
6213,"dubbed"
6261,"unknown"
6262,"unknown"
6277,"unknown"
6303,"unknown"
6311,"unknown"
6347,"dubbed"
6374,"dubbed"
6375,"dubbed"
6377,"unknown"
6383,"unknown"
6397,"unknown"
6425,"unknown"
6444,"unknown"
6448,"dubbed"
6452,"unknown"
6468,"unknown"
6472,"unknown"
6500,"unknown"
6509,"unknown"
6511,"dubbed"
6512,"dubbed"
6520,"unknown"
6523,"unknown"
6525,"unknown"
6547,"dubbed"
6560,"unknown"
6571,"unknown"
6573,"dubbed"
6574,"unknown"
6582,"unknown"
6586,"unknown"
6594,"unknown"
6604,"unknown"
6609,"dubbed"
6625,"unknown"
6629,"unknown"
6634,"dubbed"
6636,"unknown"
6645,"unknown"
6658,"unknown"
6672,"dubbed"
6674,"unknown"
6676,"unknown"
6682,"unknown"
6702,"dubbed"
6707,"dubbed"
6712,"unknown"
6731,"unknown"
6746,"dubbed"
6758,"dubbed"
6771,"unknown"
6773,"dubbed"
6774,"unknown"
6779,"unknown"
6798,"dubbed"
6802,"unknown"
6811,"dubbed"
6822,"unknown"
6875,"dubbed"
6880,"dubbed"
6889,"unknown"
6895,"dubbed"
6899,"dubbed"
6900,"dubbed, partially dubbed"
6901,"unknown"
6902,"unknown"
6907,"unknown"
6918,"dubbed"
6919,"dubbed"
6920,"dubbed"
6947,"unknown"
6956,"unknown"
6970,"dubbed"
6971,"unknown"
6973,"dubbed"
6974,"unknown"
6980,"unknown"
7004,"unknown"
7048,"unknown"
7054,"dubbed"
7058,"unknown"
7062,"unknown"
7079,"unknown"
7081,"dubbed"
7082,"unknown"
7088,"dubbed"
7103,"unknown"
7106,"unknown"
7109,"unknown"
7152,"unknown"
7160,"unknown"
7176,"unknown"
7193,"unknown"
7245,"unknown"
7247,"unknown"
7307,"unknown"
7334,"dubbed"
7395,"dubbed"
7405,"unknown"
7448,"unknown"
7452,"unknown"
7463,"unknown"
7479,"unknown"
7505,"unknown"
7522,"dubbed, partially dubbed"
7551,"unknown"
7561,"unknown"
7575,"unknown"
7588,"unknown"
7590,"unknown"
7592,"dubbed"
7593,"unknown"
7605,"unknown"
7619,"dubbed"
7627,"unknown"
7643,"unknown"
7645,"unknown"
7647,"unknown"
7655,"unknown"
7661,"unknown"
7662,"unknown"
7674,"dubbed, partially dubbed"
7720,"unknown"
7723,"unknown"
7724,"dubbed"
7761,"unknown"
7768,"unknown"
7769,"dubbed"
7779,"dubbed"
7785,"unknown"
7791,"dubbed"
7793,"unknown"
7808,"dubbed"
7817,"dubbed"
7845,"unknown"
7867,"unknown"
7904,"unknown"
7955,"unknown"
7981,"unknown"
8011,"unknown"
8041,"unknown"
8086,"dubbed"
8123,"unknown"
8129,"dubbed"
8130,"dubbed"
8139,"unknown"
8140,"unknown"
8158,"unknown"
8183,"unknown"
8189,"unknown"
8194,"unknown"
8206,"unknown"
8213,"unknown"
8216,"unknown"
8217,"unknown"
8220,"dubbed"
8234,"unknown"
8235,"unknown"
8240,"dubbed"
8241,"dubbed"
8285,"unknown"
8287,"dubbed"
8311,"unknown"
8336,"unknown"
8373,"unknown"
8375,"unknown"
8394,"unknown"
8407,"dubbed"
8409,"unknown"
8410,"dubbed"
8424,"dubbed"
8425,"dubbed"
8426,"unknown"
8436,"unknown"
8449,"unknown"
8476,"unknown"
8503,"unknown"
8516,"dubbed"
8525,"dubbed"
8536,"unknown"
8538,"unknown"
8542,"unknown"
8553,"unknown"
8557,"dubbed"
8624,"dubbed"
8630,"dubbed"
8675,"unknown"
8676,"unknown"
8687,"dubbed, partially dubbed"
8726,"unknown"
8753,"unknown"
8763,"unknown"
8764,"unknown"
8769,"unknown"
8786,"unknown"
8795,"dubbed"
8812,"unknown"
8815,"dubbed"
8841,"dubbed"
8897,"dubbed"
8899,"dubbed"
8900,"unknown"
8915,"unknown"
8917,"dubbed"
8934,"unknown"
8937,"dubbed"
8956,"unknown"
8960,"unknown"
8961,"unknown"
8964,"dubbed"
9013,"unknown"
9041,"dubbed"
9065,"dubbed"
9074,"unknown"
9106,"unknown"
9107,"dubbed"
9119,"unknown"
9181,"dubbed"
9200,"unknown"
9241,"unknown"
9253,"dubbed"
9289,"unknown"
9314,"dubbed"
9330,"unknown"
9331,"dubbed"
9346,"unknown"
9379,"unknown"
9395,"unknown"
9424,"unknown"
9433,"unknown"
9438,"unknown"
9441,"unknown"
9479,"dubbed"
9493,"unknown"
9510,"unknown"
9513,"unknown"
9539,"dubbed"
9561,"unknown"
9587,"unknown"
9598,"unknown"
9613,"unknown"
9624,"unknown"
9627,"unknown"
9656,"unknown"
9693,"unknown"
9712,"dubbed"
9736,"unknown"
9756,"dubbed"
9768,"unknown"
9770,"unknown"
9776,"unknown"
9799,"unknown"
9806,"unknown"
9810,"unknown"
9834,"dubbed"
9863,"unknown"
9881,"unknown"
9883,"unknown"
9884,"unknown"
9893,"unknown"
9900,"unknown"
9905,"unknown"
9916,"unknown"
9919,"dubbed"
9926,"unknown"
9934,"unknown"
9938,"unknown"
9941,"dubbed"
9950,"unknown"
9969,"unknown"
9978,"dubbed"
9981,"dubbed"
9989,"dubbed"
9996,"unknown"
10014,"unknown"
10015,"dubbed"
10030,"unknown"
10033,"dubbed, partially dubbed"
10049,"dubbed"
10079,"unknown"
10080,"dubbed"
10087,"dubbed"
10110,"dubbed"
10135,"unknown"
10155,"unknown"
10156,"unknown"
10161,"dubbed"
10162,"unknown"
10163,"dubbed"
10165,"dubbed"
10177,"unknown"
10187,"unknown"
10194,"unknown"
10197,"unknown"
10213,"dubbed"
10216,"unknown"
10217,"unknown"
10224,"unknown"
10232,"unknown"
10241,"unknown"
10250,"unknown"
10257,"dubbed"
10271,"unknown"
10278,"unknown"
10282,"unknown"
10319,"unknown"
10321,"unknown"
10324,"unknown"
10330,"dubbed"
10336,"dubbed"
10338,"unknown"
10346,"unknown"
10347,"unknown"
10348,"unknown"
10349,"dubbed"
10357,"unknown"
10359,"unknown"
10360,"unknown"
10370,"dubbed"
10372,"dubbed"
10378,"dubbed"
10379,"unknown"
10396,"dubbed"
10397,"unknown"
10444,"dubbed"
10447,"dubbed"
10456,"dubbed"
10460,"unknown"
10490,"dubbed"
10495,"unknown"
10507,"dubbed"
10513,"unknown"
10521,"unknown"
10524,"unknown"
10525,"unknown"
10526,"unknown"
10527,"unknown"
10528,"unknown"
10540,"unknown"
10554,"unknown"
10562,"unknown"
10568,"dubbed"
10572,"unknown"
10578,"unknown"
10588,"dubbed"
10607,"unknown"
10623,"unknown"
10671,"unknown"
10721,"dubbed"
10774,"unknown"
10790,"dubbed"
10793,"dubbed"
10798,"dubbed"
10800,"dubbed"
10802,"unknown"
10808,"dubbed"
10810,"dubbed"
10838,"unknown"
10847,"unknown"
10869,"dubbed"
10870,"unknown"
10884,"unknown"
10908,"unknown"
10958,"unknown"
11013,"dubbed"
11017,"unknown"
11061,"dubbed"
11079,"dubbed"
11111,"dubbed"
11123,"unknown"
11177,"dubbed"
11179,"unknown"
11227,"dubbed"
11235,"unknown"
11239,"unknown"
11241,"unknown"
11268,"unknown"
11275,"unknown"
11285,"dubbed"
11307,"unknown"
11319,"unknown"
11341,"unknown"
11371,"unknown"
11385,"unknown"
11433,"dubbed"
11457,"unknown"
11491,"unknown"
11521,"unknown"
11547,"unknown"
11595,"unknown"
11597,"unknown"
11615,"unknown"
11633,"dubbed"
11665,"unknown"
11697,"unknown"
11703,"dubbed"
11739,"unknown"
11741,"dubbed"
11751,"unknown"
11757,"dubbed"
11759,"dubbed"
11761,"dubbed"
11769,"unknown"
11771,"dubbed"
11783,"unknown"
11785,"unknown"
11809,"unknown"
11829,"unknown"
11835,"unknown"
11841,"unknown"
11843,"unknown"
11873,"unknown"
11887,"dubbed"
11919,"unknown"
11933,"dubbed"
12021,"unknown"
12031,"dubbed"
12119,"unknown"
12123,"unknown"
12145,"unknown"
12149,"dubbed"
12175,"unknown"
12189,"dubbed"
12191,"dubbed"
12281,"dubbed"
12291,"unknown"
12293,"dubbed"
12321,"dubbed"
12359,"unknown"
12361,"unknown"
12365,"unknown"
12367,"dubbed"
12393,"unknown"
12403,"unknown"
12431,"unknown"
12445,"dubbed"
12461,"dubbed"
12467,"dubbed"
12471,"dubbed"
12481,"dubbed"
12483,"dubbed"
12531,"dubbed"
12611,"unknown"
12651,"dubbed"
12677,"unknown"
12679,"unknown"
12711,"unknown"
12753,"dubbed"
12763,"unknown"
12815,"unknown"
12863,"dubbed"
12875,"unknown"
12883,"dubbed"
12929,"unknown"
12951,"unknown"
12963,"unknown"
12967,"dubbed"
12979,"dubbed"
13029,"dubbed"
13115,"dubbed"
13125,"dubbed"
13139,"unknown"
13141,"unknown"
13143,"unknown"
13145,"dubbed"
13159,"dubbed"
13161,"dubbed"
13163,"unknown"
13185,"dubbed"
13201,"dubbed"
13207,"unknown"
13231,"dubbed"
13261,"unknown"
13307,"unknown"
13333,"unknown"
13349,"unknown"
13377,"unknown"
13409,"unknown"
13535,"dubbed"
13585,"unknown"
13599,"dubbed"
13601,"dubbed"
13655,"dubbed"
13659,"unknown"
13663,"dubbed"
13679,"unknown"
13759,"dubbed"
13769,"unknown"
14045,"unknown"
14075,"unknown"
14093,"dubbed"
14131,"dubbed"
14211,"unknown"
14227,"unknown"
14237,"unknown"
14277,"unknown"
14289,"dubbed"
14333,"unknown"
14345,"dubbed"
14355,"unknown"
14397,"dubbed"
14467,"dubbed"
14511,"unknown"
14513,"dubbed"
14515,"unknown"
14527,"dubbed"
14563,"unknown"
14645,"dubbed"
14653,"dubbed"
14693,"unknown"
14713,"dubbed"
14719,"dubbed"
14741,"dubbed"
14749,"unknown"
14765,"unknown"
14811,"unknown"
14813,"dubbed"
14827,"unknown"
14829,"dubbed"
14833,"unknown"
14913,"unknown"
14921,"dubbed"
14941,"dubbed"
14967,"dubbed"
14989,"unknown"
15043,"unknown"
15045,"unknown"
15051,"dubbed"
15059,"unknown"
15061,"unknown"
15085,"dubbed"
15109,"unknown"
15119,"dubbed"
15125,"unknown"
15225,"unknown"
15313,"dubbed"
15315,"dubbed"
15379,"unknown"
15417,"unknown"
15489,"dubbed"
15545,"unknown"
15547,"dubbed"
15583,"dubbed"
15605,"dubbed"
15611,"dubbed"
15613,"dubbed"
15651,"unknown"
15689,"unknown"
15699,"unknown"
15731,"unknown"
15749,"unknown"
15751,"unknown"
15793,"unknown"
15795,"dubbed"
15809,"dubbed"
15863,"dubbed"
15875,"unknown"
15883,"unknown"
15905,"unknown"
15911,"unknown"
15913,"unknown"
16005,"unknown"
16009,"dubbed"
16011,"dubbed"
16027,"unknown"
16035,"dubbed"
16049,"dubbed"
16051,"unknown"
16067,"dubbed"
16123,"unknown"
16131,"unknown"
16157,"dubbed"
16169,"unknown"
16201,"unknown"
16211,"unknown"
16241,"unknown"
16317,"dubbed"
16347,"unknown"
16353,"unknown"
16355,"unknown"
16385,"unknown"
16397,"unknown"
16405,"unknown"
16417,"dubbed"
16419,"dubbed"
16498,"dubbed"
16512,"dubbed"
16518,"unknown"
16524,"dubbed"
16530,"unknown"
16592,"dubbed"
16668,"unknown"
16706,"dubbed"
16726,"unknown"
16732,"unknown"
16742,"dubbed"
16890,"unknown"
16894,"dubbed"
16906,"unknown"
16910,"unknown"
16918,"unknown"
16982,"dubbed"
17074,"unknown"
17080,"unknown"
17082,"unknown"
17088,"unknown"
17092,"unknown"
17115,"dubbed"
17127,"unknown"
17141,"unknown"
17147,"unknown"
17211,"unknown"
17249,"dubbed"
17265,"dubbed"
17267,"unknown"
17291,"unknown"
17353,"unknown"
17389,"dubbed"
17497,"unknown"
17505,"unknown"
17513,"dubbed"
17549,"unknown"
17651,"unknown"
17681,"dubbed"
17705,"unknown"
17707,"unknown"
17727,"unknown"
17731,"unknown"
17733,"unknown"
17821,"unknown"
17827,"unknown"
17831,"dubbed"
17849,"unknown"
17873,"dubbed"
17895,"dubbed"
17909,"unknown"
17917,"dubbed"
17919,"unknown"
17969,"unknown"
18041,"dubbed"
18055,"dubbed"
18095,"dubbed"
18097,"unknown"
18099,"unknown"
18115,"dubbed"
18119,"unknown"
18121,"unknown"
18133,"unknown"
18139,"dubbed"
18153,"dubbed"
18155,"dubbed"
18179,"unknown"
18195,"dubbed"
18205,"unknown"
18229,"dubbed"
18245,"unknown"
18247,"dubbed"
18295,"unknown"
18365,"unknown"
18391,"unknown"
18411,"unknown"
18465,"unknown"
18495,"unknown"
18497,"unknown"
18507,"dubbed"
18523,"unknown"
18671,"dubbed"
18677,"unknown"
18679,"dubbed"
18689,"unknown"
18767,"dubbed"
18771,"unknown"
18845,"dubbed"
18893,"unknown"
18897,"unknown"
19023,"unknown"
19067,"dubbed"
19111,"dubbed"
19117,"unknown"
19157,"dubbed"
19163,"dubbed"
19207,"dubbed"
19221,"unknown"
19257,"unknown"
19291,"dubbed"
19315,"unknown"
19319,"dubbed"
19363,"unknown"
19365,"unknown"
19367,"unknown"
19369,"dubbed"
19383,"dubbed"
19429,"dubbed"
19585,"unknown"
19647,"unknown"
19685,"unknown"
19703,"unknown"
19755,"unknown"
19769,"dubbed"
19775,"dubbed"
19815,"dubbed"
19825,"unknown"
19841,"unknown"
19855,"dubbed"
19871,"dubbed"
19875,"unknown"
19877,"unknown"
19919,"unknown"
19959,"dubbed"
19961,"unknown"
20031,"dubbed"
20033,"dubbed"
20047,"unknown"
20053,"dubbed"
20057,"dubbed"
20075,"unknown"
20117,"unknown"
20267,"unknown"
20329,"unknown"
20431,"unknown"
20457,"unknown"
20473,"unknown"
20507,"dubbed"
20509,"dubbed"
20533,"unknown"
20541,"unknown"
20555,"dubbed"
20583,"dubbed"
20689,"dubbed"
20709,"unknown"
20785,"dubbed"
20787,"dubbed"
20847,"unknown"
20853,"dubbed"
20899,"dubbed"
20931,"unknown"
20945,"dubbed"
20971,"unknown"
20973,"unknown"
21013,"dubbed"
21039,"dubbed"
21067,"unknown"
21085,"unknown"
21105,"dubbed"
21167,"unknown"
21177,"dubbed"
21185,"unknown"
21267,"unknown"
21273,"unknown"
21325,"unknown"
21327,"unknown"
21353,"dubbed"
21405,"unknown"
21407,"unknown"
21421,"unknown"
21427,"unknown"
21435,"unknown"
21437,"unknown"
21439,"unknown"
21507,"dubbed"
21511,"dubbed"
21523,"unknown"
21561,"unknown"
21563,"unknown"
21573,"unknown"
21603,"unknown"
21639,"dubbed"
21671,"unknown"
21677,"unknown"
21681,"dubbed"
21729,"unknown"
21743,"dubbed"
21821,"unknown"
21835,"unknown"
21843,"dubbed"
21845,"unknown"
21851,"unknown"
21855,"unknown"
21863,"unknown"
21877,"dubbed"
21881,"dubbed"
21939,"unknown"
21995,"unknown"
21997,"unknown"
21999,"unknown"
22013,"unknown"
22043,"dubbed"
22099,"unknown"
22101,"unknown"
22123,"unknown"
22135,"dubbed"
22145,"dubbed"
22147,"dubbed"
22189,"unknown"
22199,"dubbed"
22215,"unknown"
22221,"unknown"
22265,"dubbed"
22273,"dubbed"
22297,"dubbed"
22319,"dubbed"
22345,"unknown"
22359,"dubbed"
22381,"unknown"
22433,"dubbed"
22439,"unknown"
22441,"unknown"
22507,"unknown"
22535,"dubbed"
22537,"unknown"
22541,"unknown"
22547,"unknown"
22663,"dubbed"
22687,"dubbed"
22693,"unknown"
22729,"dubbed"
22733,"unknown"
22735,"unknown"
22777,"dubbed"
22789,"dubbed"
22817,"unknown"
22831,"unknown"
22835,"unknown"
22849,"unknown"
22865,"unknown"
22877,"unknown"
22955,"unknown"
23037,"unknown"
23067,"dubbed"
23079,"unknown"
23121,"unknown"
23133,"unknown"
23135,"dubbed"
23151,"unknown"
23199,"dubbed"
23201,"dubbed"
23209,"unknown"
23213,"unknown"
23229,"unknown"
23251,"unknown"
23259,"unknown"
23269,"unknown"
23273,"dubbed"
23277,"unknown"
23281,"dubbed"
23283,"dubbed"
23289,"dubbed"
23311,"dubbed"
23321,"dubbed"
23325,"unknown"
23327,"dubbed"
23333,"dubbed"
23349,"unknown"
23375,"unknown"
23393,"unknown"
23409,"unknown"
23421,"dubbed"
23433,"unknown"
23539,"unknown"
23551,"unknown"
23587,"unknown"
23623,"unknown"
23673,"unknown"
23755,"dubbed"
23787,"unknown"
23847,"dubbed"
23897,"unknown"
23901,"unknown"
23915,"dubbed"
23945,"unknown"
24011,"unknown"
24031,"unknown"
24037,"dubbed"
24075,"unknown"
24133,"unknown"
24135,"unknown"
24211,"unknown"
24231,"dubbed"
24277,"unknown"
24405,"dubbed, partially dubbed"
24415,"dubbed"
24417,"unknown"
24439,"dubbed"
24455,"dubbed"
24625,"dubbed"
24629,"unknown"
24699,"dubbed"
24701,"unknown"
24705,"dubbed"
24765,"dubbed"
24793,"unknown"
24833,"dubbed"
24835,"unknown"
24855,"unknown"
24873,"unknown"
24893,"dubbed"
24909,"dubbed"
25013,"dubbed"
25099,"dubbed"
25157,"dubbed"
25159,"dubbed"
25183,"dubbed"
25283,"dubbed"
25397,"dubbed"
25517,"unknown"
25519,"dubbed"
25649,"unknown"
25681,"dubbed"
25717,"unknown"
25731,"dubbed"
25777,"dubbed"
25835,"dubbed"
25859,"unknown"
25867,"dubbed"
25879,"unknown"
25939,"unknown"
25965,"unknown"
25967,"unknown"
25999,"unknown"
26055,"dubbed"
26085,"unknown"
26165,"dubbed"
26243,"dubbed"
26349,"unknown"
26351,"dubbed"
26395,"unknown"
26441,"dubbed"
26453,"unknown"
27441,"dubbed"
27451,"unknown"
27455,"unknown"
27457,"unknown"
27459,"unknown"
27525,"dubbed"
27589,"unknown"
27621,"unknown"
27629,"dubbed"
27631,"dubbed"
27655,"dubbed"
27663,"unknown"
27687,"unknown"
27693,"unknown"
27721,"dubbed"
27727,"unknown"
27737,"unknown"
27741,"unknown"
27757,"dubbed"
27775,"unknown"
27785,"unknown"
27787,"unknown"
27811,"dubbed"
27815,"dubbed"
27829,"dubbed"
27831,"dubbed"
27833,"dubbed"
27899,"dubbed"
27927,"unknown"
27947,"dubbed"
27989,"unknown"
27991,"dubbed"
28013,"unknown"
28025,"unknown"
28121,"dubbed"
28155,"unknown"
28171,"dubbed"
28207,"unknown"
28221,"unknown"
28223,"dubbed"
28249,"dubbed"
28283,"dubbed"
28297,"dubbed"
28387,"dubbed"
28391,"dubbed"
28401,"unknown"
28423,"unknown"
28497,"dubbed"
28537,"dubbed"
28595,"dubbed"
28617,"unknown"
28619,"dubbed"
28621,"unknown"
28623,"dubbed"
28669,"unknown"
28677,"dubbed"
28701,"dubbed"
28735,"unknown"
28791,"unknown"
28817,"dubbed"
28825,"dubbed"
28833,"dubbed"
28835,"unknown"
28861,"unknown"
28869,"dubbed"
28883,"dubbed"
28891,"dubbed"
28907,"dubbed"
28921,"unknown"
28927,"dubbed"
28929,"unknown"
28977,"dubbed"
28979,"dubbed"
28981,"unknown"
28999,"dubbed"
29017,"unknown"
29067,"unknown"
29095,"unknown"
29163,"unknown"
29325,"unknown"
29589,"dubbed"
29687,"unknown"
29715,"unknown"
29722,"dubbed"
29758,"dubbed"
29785,"unknown"
29787,"unknown"
29803,"dubbed"
29854,"dubbed"
29865,"unknown"
29941,"unknown"
29974,"dubbed"
29976,"dubbed"
30015,"dubbed"
30016,"dubbed"
30030,"unknown"
30039,"dubbed"
30091,"dubbed"
30123,"dubbed"
30127,"unknown"
30156,"unknown"
30173,"unknown"
30187,"unknown"
30205,"dubbed"
30230,"unknown"
30251,"unknown"
30276,"dubbed"
30279,"unknown"
30291,"unknown"
30296,"dubbed"
30344,"unknown"
30355,"unknown"
30363,"dubbed"
30375,"unknown"
30382,"dubbed"
30383,"unknown"
30384,"unknown"
30386,"unknown"
30410,"unknown"
30437,"unknown"
30484,"dubbed"
30485,"dubbed"
30503,"dubbed"
30519,"unknown"
30524,"unknown"
30544,"dubbed"
30549,"unknown"
30567,"unknown"
30649,"unknown"
30651,"unknown"
30652,"unknown"
30654,"dubbed"
30694,"dubbed"
30705,"unknown"
30721,"unknown"
30727,"unknown"
30736,"unknown"
30740,"unknown"
30746,"unknown"
30749,"unknown"
30751,"unknown"
30795,"unknown"
30806,"unknown"
30826,"unknown"
30831,"dubbed"
30851,"unknown"
30895,"unknown"
30901,"dubbed"
30911,"dubbed"
30947,"dubbed"
30948,"dubbed"
31018,"unknown"
31043,"dubbed"
31044,"unknown"
31049,"dubbed"
31068,"unknown"
31080,"unknown"
31091,"unknown"
31098,"dubbed"
31109,"dubbed"
31139,"unknown"
31143,"unknown"
31147,"dubbed"
31150,"unknown"
31157,"unknown"
31163,"dubbed"
31173,"dubbed"
31174,"dubbed"
31178,"unknown"
31181,"unknown"
31196,"dubbed"
31211,"unknown"
31221,"unknown"
31223,"unknown"
31227,"unknown"
31229,"dubbed"
31240,"dubbed"
31246,"dubbed"
31251,"dubbed"
31318,"unknown"
31338,"dubbed"
31339,"dubbed"
31370,"unknown"
31374,"dubbed"
31376,"dubbed"
31404,"dubbed"
31405,"dubbed"
31410,"unknown"
31414,"unknown"
31417,"unknown"
31422,"unknown"
31427,"dubbed"
31430,"dubbed"
31433,"dubbed"
31439,"unknown"
31440,"unknown"
31442,"dubbed"
31452,"unknown"
31456,"dubbed"
31478,"dubbed"
31498,"unknown"
31500,"unknown"
31517,"unknown"
31519,"unknown"
31534,"unknown"
31537,"dubbed"
31540,"unknown"
31549,"unknown"
31559,"dubbed"
31560,"unknown"
31564,"dubbed"
31566,"unknown"
31573,"unknown"
31578,"unknown"
31580,"dubbed"
31588,"dubbed"
31592,"dubbed"
31610,"unknown"
31621,"unknown"
31629,"dubbed"
31630,"dubbed"
31631,"dubbed, partially dubbed"
31633,"unknown"
31636,"dubbed"
31637,"dubbed"
31646,"dubbed"
31670,"unknown"
31673,"unknown"
31674,"unknown"
31680,"unknown"
31698,"unknown"
31706,"unknown"
31710,"dubbed"
31716,"unknown"
31722,"dubbed"
31733,"dubbed"
31737,"dubbed"
31741,"dubbed"
31747,"unknown"
31764,"dubbed"
31771,"unknown"
31777,"unknown"
31783,"unknown"
31790,"unknown"
31793,"unknown"
31798,"dubbed"
31804,"unknown"
31815,"unknown"
31821,"dubbed"
31848,"unknown"
31859,"dubbed"
31884,"unknown"
31890,"unknown"
31898,"dubbed"
31904,"dubbed"
31914,"unknown"
31931,"dubbed"
31933,"dubbed"
31952,"unknown"
31953,"dubbed"
31964,"dubbed"
31965,"unknown"
31988,"unknown"
31994,"unknown"
32011,"unknown"
32013,"unknown"
32023,"unknown"
32032,"dubbed"
32038,"dubbed"
32039,"dubbed"
32083,"dubbed"
32084,"unknown"
32093,"dubbed"
32094,"unknown"
32105,"dubbed"
32175,"dubbed"
32182,"dubbed"
32189,"dubbed"
32212,"dubbed"
32214,"dubbed"
32228,"unknown"
32230,"dubbed"
32245,"dubbed"
32262,"dubbed"
32271,"dubbed"
32274,"unknown"
32282,"dubbed"
32301,"unknown"
32309,"unknown"
32353,"unknown"
32360,"unknown"
32370,"dubbed"
32400,"unknown"
32407,"dubbed"
32438,"unknown"
32447,"unknown"
32448,"unknown"
32454,"unknown"
32455,"dubbed"
32483,"dubbed"
32491,"dubbed"
32494,"unknown"
32526,"dubbed"
32542,"dubbed"
32555,"unknown"
32571,"unknown"
32572,"unknown"
32582,"unknown"
32595,"unknown"
32601,"unknown"
32606,"dubbed"
32607,"unknown"
32608,"dubbed"
32615,"dubbed"
32648,"dubbed"
32663,"unknown"
32664,"dubbed"
32670,"unknown"
32673,"unknown"
32681,"dubbed"
32682,"unknown"
32686,"dubbed"
32691,"dubbed"
32696,"dubbed"
32697,"unknown"
32717,"unknown"
32729,"dubbed"
32772,"dubbed, partially dubbed"
32785,"unknown"
32792,"dubbed"
32802,"dubbed"
32805,"unknown"
32807,"dubbed"
32828,"unknown"
32829,"unknown"
32830,"unknown"
32836,"unknown"
32843,"unknown"
32867,"dubbed"
32878,"dubbed"
32881,"unknown"
32887,"dubbed"
32899,"dubbed"
32901,"unknown"
32906,"unknown"
32924,"unknown"
32935,"dubbed"
32936,"dubbed"
32937,"dubbed"
32947,"unknown"
32948,"unknown"
32951,"dubbed"
32956,"unknown"
32961,"dubbed"
32962,"dubbed"
32977,"unknown"
32979,"dubbed"
32981,"dubbed"
32983,"unknown"
32995,"dubbed"
32998,"dubbed"
32999,"unknown"
33003,"dubbed"
33012,"dubbed"
33018,"dubbed"
33019,"unknown"
33021,"unknown"
33023,"dubbed"
33026,"dubbed"
33027,"dubbed"
33028,"dubbed"
33031,"unknown"
33037,"unknown"
33041,"unknown"
33046,"unknown"
33047,"dubbed"
33051,"dubbed"
33089,"dubbed"
33094,"unknown"
33095,"unknown"
33113,"unknown"
33184,"unknown"
33197,"unknown"
33203,"dubbed"
33206,"dubbed"
33222,"unknown"
33240,"dubbed"
33241,"unknown"
33244,"unknown"
33245,"unknown"
33253,"dubbed"
33255,"dubbed"
33274,"unknown"
33299,"unknown"
33314,"unknown"
33337,"dubbed"
33341,"unknown"
33352,"dubbed"
33354,"dubbed"
33362,"unknown"
33371,"unknown"
33377,"dubbed"
33392,"unknown"
33394,"unknown"
33417,"unknown"
33419,"unknown"
33421,"unknown"
33430,"unknown"
33433,"dubbed"
33434,"unknown"
33447,"unknown"
33462,"unknown"
33475,"dubbed"
33478,"dubbed"
33486,"dubbed"
33487,"dubbed"
33489,"dubbed"
33490,"unknown"
33502,"dubbed"
33506,"dubbed"
33531,"dubbed"
33532,"unknown"
33541,"unknown"
33572,"unknown"
33573,"unknown"
33589,"unknown"
33654,"dubbed"
33668,"unknown"
33690,"unknown"
33726,"dubbed"
33731,"unknown"
33733,"dubbed"
33737,"unknown"
33746,"unknown"
33771,"unknown"
33775,"unknown"
33788,"unknown"
33795,"unknown"
33797,"dubbed"
33803,"unknown"
33811,"unknown"
33814,"unknown"
33836,"unknown"
33840,"unknown"
33850,"unknown"
33889,"dubbed"
33899,"unknown"
33948,"unknown"
33966,"unknown"
33975,"unknown"
33983,"dubbed"
33985,"unknown"
33988,"dubbed"
34009,"unknown"
34012,"dubbed"
34013,"unknown"
34028,"unknown"
34034,"dubbed"
34051,"dubbed"
34052,"unknown"
34055,"dubbed"
34076,"unknown"
34077,"dubbed"
34086,"dubbed"
34088,"unknown"
34096,"unknown"
34102,"unknown"
34104,"dubbed"
34106,"unknown"
34126,"unknown"
34134,"dubbed"
34148,"unknown"
34176,"dubbed"
34177,"unknown"
34209,"dubbed"
34223,"unknown"
34257,"unknown"
34262,"dubbed"
34279,"dubbed"
34280,"dubbed"
34284,"unknown"
34289,"dubbed"
34290,"unknown"
34292,"unknown"
34295,"unknown"
34332,"unknown"
34337,"unknown"
34338,"dubbed"
34350,"dubbed"
34368,"unknown"
34382,"dubbed"
34392,"unknown"
34393,"unknown"
34402,"unknown"
34403,"dubbed"
34410,"unknown"
34411,"unknown"
34427,"unknown"
34445,"unknown"
34449,"dubbed"
34451,"dubbed"
34467,"unknown"
34474,"unknown"
34494,"dubbed"
34497,"dubbed"
34501,"dubbed"
34502,"unknown"
34503,"unknown"
34510,"unknown"
34522,"unknown"
34542,"unknown"
34543,"unknown"
34547,"unknown"
34550,"unknown"
34561,"unknown"
34565,"dubbed"
34566,"dubbed"
34572,"dubbed"
34577,"dubbed"
34580,"unknown"
34591,"unknown"
34599,"dubbed"
34607,"unknown"
34612,"unknown"
34618,"unknown"
34620,"dubbed"
34636,"unknown"
34662,"dubbed"
34712,"dubbed"
34725,"unknown"
34738,"unknown"
34741,"unknown"
34745,"unknown"
34754,"unknown"
34771,"unknown"
34787,"unknown"
34798,"unknown"
34799,"unknown"
34800,"unknown"
34822,"dubbed"
34825,"unknown"
34834,"dubbed"
34836,"dubbed"
34839,"unknown"
34863,"dubbed"
34866,"dubbed"
34881,"unknown"
34888,"unknown"
34901,"dubbed"
34902,"dubbed"
34903,"unknown"
34905,"unknown"
34914,"dubbed"
34915,"unknown"
34927,"unknown"
34933,"dubbed"
34934,"unknown"
34966,"unknown"
34973,"dubbed"
34975,"dubbed"
34978,"unknown"
34979,"unknown"
34984,"dubbed"
35015,"unknown"
35062,"dubbed"
35067,"dubbed"
35069,"unknown"
35073,"dubbed"
35075,"unknown"
35076,"dubbed"
35078,"dubbed"
35079,"dubbed"
35114,"unknown"
35156,"unknown"
35180,"dubbed"
35183,"unknown"
35203,"dubbed"
35220,"unknown"
35222,"unknown"
35240,"dubbed"
35241,"dubbed"
35247,"unknown"
35248,"dubbed"
35249,"unknown"
35250,"dubbed"
35251,"unknown"
35252,"dubbed"
35254,"unknown"
35298,"unknown"
35302,"unknown"
35303,"unknown"
35313,"unknown"
35330,"dubbed"
35332,"unknown"
35334,"unknown"
35370,"unknown"
35376,"unknown"
35383,"unknown"
35413,"dubbed"
35427,"dubbed"
35434,"dubbed"
35484,"unknown"
35503,"dubbed"
35507,"dubbed"
35516,"unknown"
35540,"unknown"
35541,"dubbed"
35557,"dubbed"
35589,"dubbed"
35639,"dubbed"
35642,"unknown"
35672,"unknown"
35712,"dubbed"
35714,"unknown"
35730,"unknown"
35739,"unknown"
35756,"unknown"
35757,"dubbed"
35760,"dubbed"
35788,"dubbed"
35789,"unknown"
35790,"dubbed"
35818,"unknown"
35821,"dubbed"
35828,"unknown"
35834,"unknown"
35835,"dubbed"
35838,"dubbed"
35839,"unknown"
35843,"unknown"
35847,"dubbed"
35849,"dubbed"
35857,"dubbed"
35860,"dubbed"
35883,"unknown"
35889,"dubbed"
35905,"unknown"
35923,"unknown"
35928,"dubbed"
35964,"dubbed"
35968,"unknown"
35972,"dubbed"
35983,"dubbed"
35988,"unknown"
35994,"dubbed"
35997,"unknown"
35999,"unknown"
36000,"unknown"
36001,"unknown"
36009,"unknown"
36022,"dubbed"
36023,"dubbed"
36027,"dubbed"
36028,"dubbed"
36029,"dubbed"
36049,"dubbed"
36094,"dubbed"
36108,"dubbed"
36124,"dubbed"
36144,"dubbed"
36166,"unknown"
36196,"unknown"
36220,"unknown"
36245,"unknown"
36259,"unknown"
36266,"unknown"
36267,"dubbed"
36288,"unknown"
36296,"dubbed"
36309,"unknown"
36316,"unknown"
36317,"unknown"
36407,"dubbed"
36409,"unknown"
36418,"unknown"
36423,"unknown"
36425,"unknown"
36427,"unknown"
36431,"unknown"
36432,"dubbed"
36440,"unknown"
36456,"dubbed"
36458,"dubbed"
36470,"dubbed"
36474,"dubbed"
36475,"dubbed"
36483,"unknown"
36510,"dubbed"
36511,"dubbed"
36513,"unknown"
36516,"unknown"
36522,"unknown"
36525,"dubbed"
36531,"unknown"
36536,"unknown"
36548,"dubbed"
36563,"dubbed"
36565,"unknown"
36587,"unknown"
36593,"unknown"
36618,"unknown"
36632,"unknown"
36633,"dubbed"
36649,"unknown"
36652,"dubbed"
36653,"dubbed"
36654,"unknown"
36666,"unknown"
36704,"dubbed"
36728,"unknown"
36754,"dubbed"
36784,"unknown"
36793,"dubbed"
36797,"unknown"
36800,"unknown"
36817,"dubbed"
36828,"unknown"
36838,"unknown"
36864,"unknown"
36873,"dubbed"
36882,"dubbed"
36884,"dubbed"
36894,"unknown"
36902,"unknown"
36906,"unknown"
36934,"dubbed"
36943,"unknown"
36945,"unknown"
36949,"dubbed"
36976,"dubbed"
36982,"unknown"
36993,"dubbed"
37007,"dubbed"
37008,"unknown"
37023,"unknown"
37029,"unknown"
37036,"unknown"
37086,"dubbed"
37105,"unknown"
37106,"unknown"
37126,"unknown"
37140,"unknown"
37141,"dubbed"
37151,"dubbed"
37154,"unknown"
37171,"unknown"
37178,"unknown"
37188,"unknown"
37202,"dubbed"
37204,"unknown"
37206,"unknown"
37210,"dubbed"
37221,"dubbed"
37232,"unknown"
37245,"dubbed"
37254,"unknown"
37258,"unknown"
37259,"dubbed"
37268,"unknown"
37283,"dubbed"
37302,"unknown"
37324,"unknown"
37338,"dubbed"
37345,"dubbed"
37347,"dubbed"
37349,"dubbed"
37368,"unknown"
37374,"unknown"
37379,"dubbed"
37393,"dubbed"
37395,"dubbed"
37403,"dubbed"
37422,"unknown"
37426,"dubbed"
37430,"dubbed"
37433,"unknown"
37435,"dubbed"
37436,"dubbed"
37438,"dubbed"
37446,"dubbed"
37447,"unknown"
37448,"unknown"
37450,"unknown"
37451,"dubbed"
37458,"unknown"
37475,"unknown"
37476,"dubbed"
37481,"unknown"
37484,"unknown"
37487,"dubbed"
37490,"dubbed"
37491,"unknown"
37496,"dubbed"
37497,"dubbed"
37509,"unknown"
37510,"dubbed"
37517,"unknown"
37520,"dubbed"
37521,"dubbed"
37522,"unknown"
37525,"dubbed"
37555,"dubbed"
37561,"unknown"
37569,"dubbed"
37571,"unknown"
37576,"dubbed"
37578,"unknown"
37579,"unknown"
37584,"unknown"
37587,"unknown"
37597,"unknown"
37598,"unknown"
37599,"dubbed"
37601,"dubbed"
37611,"dubbed"
37614,"unknown"
37646,"unknown"
37651,"dubbed"
37657,"unknown"
37662,"unknown"
37675,"dubbed"
37716,"unknown"
37722,"unknown"
37739,"dubbed"
37744,"dubbed"
37747,"unknown"
37769,"unknown"
37778,"unknown"
37779,"dubbed"
37786,"dubbed"
37799,"dubbed"
37806,"dubbed"
37823,"dubbed"
37869,"dubbed"
37870,"unknown"
37890,"dubbed"
37893,"unknown"
37920,"dubbed"
37924,"unknown"
37926,"dubbed"
37940,"unknown"
37952,"dubbed"
37956,"dubbed"
37958,"dubbed"
37962,"unknown"
37964,"dubbed"
37965,"dubbed"
37968,"unknown"
37972,"dubbed"
37975,"dubbed"
37976,"dubbed"
37979,"dubbed"
37984,"dubbed"
37988,"dubbed"
37989,"dubbed"
37990,"unknown"
37991,"dubbed"
37992,"unknown"
37993,"unknown"
37998,"unknown"
37999,"dubbed"
38000,"dubbed"
38003,"dubbed"
38004,"dubbed"
38005,"dubbed"
38009,"unknown"
38020,"unknown"
38062,"dubbed"
38080,"dubbed"
38083,"unknown"
38084,"dubbed"
38089,"unknown"
38091,"unknown"
38098,"dubbed"
38101,"dubbed"
38145,"dubbed"
38150,"unknown"
38157,"unknown"
38161,"dubbed"
38162,"dubbed"
38186,"unknown"
38192,"dubbed"
38199,"unknown"
38203,"unknown"
38226,"unknown"
38235,"unknown"
38251,"unknown"
38254,"unknown"
38256,"dubbed"
38262,"unknown"
38268,"dubbed"
38276,"dubbed"
38284,"unknown"
38295,"unknown"
38297,"dubbed"
38301,"unknown"
38302,"unknown"
38328,"dubbed"
38331,"dubbed"
38337,"unknown"
38378,"unknown"
38390,"unknown"
38397,"dubbed"
38408,"dubbed"
38440,"dubbed"
38449,"unknown"
38472,"dubbed"
38474,"unknown"
38476,"unknown"
38480,"dubbed"
38481,"dubbed"
38483,"unknown"
38524,"dubbed"
38529,"dubbed"
38534,"unknown"
38544,"unknown"
38549,"unknown"
38555,"dubbed"
38572,"dubbed"
38573,"unknown"
38578,"unknown"
38610,"dubbed"
38619,"dubbed"
38656,"dubbed"
38659,"dubbed"
38668,"dubbed"
38669,"unknown"
38670,"dubbed"
38671,"dubbed"
38673,"unknown"
38680,"dubbed"
38691,"dubbed"
38707,"dubbed"
38731,"unknown"
38749,"dubbed"
38753,"dubbed"
38759,"dubbed"
38767,"unknown"
38778,"dubbed"
38787,"dubbed"
38790,"dubbed"
38804,"unknown"
38830,"dubbed"
38835,"unknown"
38843,"dubbed"
38851,"unknown"
38853,"unknown"
38860,"unknown"
38883,"dubbed"
38889,"dubbed"
38909,"dubbed"
38920,"dubbed"
38923,"dubbed"
38924,"dubbed"
38940,"dubbed"
38959,"dubbed"
38992,"dubbed"
38993,"dubbed"
39017,"dubbed"
39026,"dubbed"
39030,"dubbed"
39063,"dubbed"
39071,"dubbed"
39078,"unknown"
39183,"unknown"
39184,"dubbed"
39194,"unknown"
39195,"dubbed"
39196,"dubbed"
39198,"dubbed"
39199,"dubbed"
39221,"dubbed"
39244,"dubbed"
39247,"dubbed"
39277,"unknown"
39282,"dubbed"
39292,"unknown"
39324,"dubbed"
39326,"dubbed"
39355,"dubbed"
39388,"dubbed"
39417,"unknown"
39456,"unknown"
39457,"unknown"
39463,"dubbed"
39468,"dubbed"
39491,"unknown"
39506,"unknown"
39523,"dubbed"
39527,"unknown"
39531,"dubbed"
39533,"unknown"
39534,"dubbed"
39535,"dubbed"
39539,"dubbed"
39547,"dubbed"
39551,"dubbed"
39567,"dubbed"
39570,"dubbed"
39572,"unknown"
39575,"dubbed"
39581,"unknown"
39582,"unknown"
39583,"dubbed"
39586,"dubbed"
39587,"dubbed"
39590,"dubbed"
39592,"dubbed"
39597,"dubbed"
39609,"dubbed"
39617,"dubbed"
39620,"unknown"
39622,"dubbed"
39668,"unknown"
39681,"dubbed"
39699,"unknown"
39701,"dubbed"
39710,"unknown"
39725,"unknown"
39730,"dubbed"
39783,"dubbed"
39790,"dubbed"
39792,"unknown"
39799,"unknown"
39808,"unknown"
39811,"dubbed"
39836,"unknown"
39893,"unknown"
39917,"unknown"
39918,"unknown"
39936,"unknown"
39940,"dubbed"
39942,"unknown"
39948,"dubbed"
39959,"unknown"
39960,"unknown"
39966,"dubbed"
39979,"unknown"
39988,"dubbed"
40004,"unknown"
40028,"dubbed"
40040,"unknown"
40046,"dubbed"
40052,"dubbed"
40056,"dubbed"
40059,"dubbed"
40060,"dubbed"
40074,"unknown"
40075,"unknown"
40085,"dubbed"
40128,"dubbed"
40129,"unknown"
40136,"unknown"
40137,"unknown"
40145,"unknown"
40148,"unknown"
40165,"dubbed"
40166,"dubbed"
40167,"dubbed"
40174,"dubbed"
40197,"unknown"
40221,"dubbed"
40228,"dubbed"
40230,"unknown"
40266,"unknown"
40272,"dubbed"
40320,"unknown"
40327,"unknown"
40351,"dubbed"
40358,"dubbed"
40359,"dubbed"
40392,"dubbed"
40397,"dubbed"
40403,"dubbed"
40417,"dubbed"
40454,"dubbed"
40473,"unknown"
40483,"unknown"
40488,"unknown"
40496,"dubbed"
40497,"dubbed"
40504,"unknown"
40506,"unknown"
40507,"dubbed"
40513,"dubbed"
40526,"dubbed"
40529,"dubbed"
40530,"dubbed"
40532,"dubbed"
40540,"dubbed"
40550,"dubbed"
40571,"dubbed"
40586,"dubbed"
40591,"dubbed"
40594,"dubbed"
40595,"dubbed"
40610,"unknown"
40620,"dubbed"
40677,"unknown"
40679,"dubbed"
40682,"unknown"
40685,"unknown"
40708,"dubbed"
40714,"unknown"
40716,"dubbed"
40729,"dubbed"
40738,"unknown"
40748,"dubbed"
40752,"dubbed"
40763,"dubbed"
40776,"dubbed"
40783,"dubbed"
40786,"dubbed"
40803,"unknown"
40815,"dubbed"
40833,"unknown"
40834,"dubbed"
40839,"dubbed"
40842,"unknown"
40850,"unknown"
40852,"dubbed"
40870,"dubbed"
40879,"dubbed"
40880,"unknown"
40893,"unknown"
40902,"dubbed"
40904,"unknown"
40906,"unknown"
40907,"dubbed"
40908,"dubbed"
40911,"dubbed"
40930,"unknown"
40934,"dubbed"
40935,"dubbed"
40938,"unknown"
40956,"dubbed"
40957,"unknown"
40958,"unknown"
40960,"unknown"
40961,"dubbed"
40964,"dubbed"
40974,"dubbed"
40983,"unknown"
40995,"unknown"
41006,"dubbed"
41025,"dubbed"
41062,"dubbed"
41074,"unknown"
41103,"unknown"
41109,"dubbed"
41120,"dubbed"
41169,"unknown"
41226,"dubbed"
41265,"dubbed"
41266,"unknown"
41283,"unknown"
41312,"dubbed"
41345,"dubbed"
41353,"dubbed"
41364,"unknown"
41372,"dubbed"
41380,"dubbed"
41381,"unknown"
41389,"dubbed"
41392,"dubbed"
41401,"unknown"
41402,"dubbed"
41405,"dubbed"
41433,"dubbed"
41456,"dubbed"
41457,"dubbed"
41487,"dubbed"
41488,"unknown"
41491,"dubbed"
41520,"dubbed"
41521,"unknown"
41530,"unknown"
41556,"unknown"
41558,"unknown"
41573,"dubbed"
41574,"unknown"
41587,"dubbed"
41619,"dubbed"
41623,"dubbed"
41694,"dubbed"
41710,"dubbed"
41762,"unknown"
41783,"unknown"
41833,"dubbed"
41834,"dubbed"
41899,"dubbed"
41911,"dubbed"
41930,"dubbed"
41946,"unknown"
42071,"unknown"
42072,"dubbed"
42145,"unknown"
42192,"dubbed"
42203,"dubbed"
42205,"dubbed"
42249,"dubbed"
42250,"dubbed"
42260,"unknown"
42282,"dubbed"
42295,"unknown"
42307,"dubbed"
42321,"unknown"
42340,"dubbed"
42351,"dubbed"
42361,"dubbed"
42391,"unknown"
42395,"unknown"
42506,"dubbed"
42514,"unknown"
42516,"dubbed"
42544,"dubbed"
42568,"unknown"
42571,"unknown"
42587,"unknown"
42590,"unknown"
42625,"unknown"
42627,"unknown"
42653,"unknown"
42657,"unknown"
42668,"dubbed"
42670,"unknown"
42717,"unknown"
42774,"unknown"
42822,"unknown"
42825,"dubbed"
42826,"dubbed"
42883,"unknown"
42892,"dubbed"
42897,"dubbed"
42923,"dubbed"
42938,"dubbed"
42941,"unknown"
42959,"unknown"
42981,"unknown"
43007,"unknown"
43229,"dubbed"
43299,"dubbed"
43325,"unknown"
43350,"unknown"
43439,"dubbed"
43523,"unknown"
43691,"dubbed"
43735,"unknown"
43741,"dubbed"
43756,"unknown"
43763,"unknown"
43767,"unknown"
43814,"dubbed"
43969,"unknown"
44037,"dubbed"
44040,"unknown"
44055,"dubbed"
44191,"unknown"
44203,"dubbed"
44208,"unknown"
44235,"unknown"
44273,"unknown"
44274,"unknown"
44275,"unknown"
44276,"dubbed"
44387,"unknown"
44516,"dubbed"
44881,"dubbed"
44940,"unknown"
44961,"dubbed"
45055,"unknown"
45207,"unknown"
45425,"unknown"
45560,"dubbed"
45572,"dubbed"
45576,"dubbed"
45577,"unknown"
45587,"dubbed"
45665,"unknown"
45782,"unknown"
45783,"dubbed"
46093,"unknown"
46095,"dubbed"
46102,"dubbed"
46118,"unknown"
46352,"dubbed"
46471,"dubbed"
46604,"dubbed"
46985,"unknown"
47159,"dubbed"
47161,"dubbed"
47250,"unknown"
47257,"dubbed"
47391,"unknown"
47639,"unknown"
47778,"dubbed"
47790,"dubbed"
48235,"unknown"
48239,"dubbed"
48252,"unknown"
48365,"unknown"
48391,"unknown"
48406,"dubbed"
48414,"dubbed"
48466,"unknown"
48470,"unknown"
48471,"dubbed"
48483,"dubbed"
48488,"dubbed"
48492,"dubbed"
48505,"dubbed"
48553,"dubbed"
48556,"unknown"
48567,"unknown"
48569,"dubbed"
48580,"dubbed"
48583,"dubbed"
48644,"dubbed"
48680,"unknown"
48736,"dubbed"
48753,"unknown"
48761,"dubbed"
48775,"unknown"
48776,"unknown"
48804,"dubbed"
48849,"dubbed"
48858,"unknown"
48862,"dubbed"
48926,"dubbed"
48997,"unknown"
49040,"dubbed"
49110,"unknown"
49114,"dubbed"
49263,"unknown"
49285,"unknown"
49292,"dubbed"
49385,"dubbed"
49505,"unknown"
49514,"unknown"
49515,"unknown"
49519,"unknown"
49721,"unknown"
49738,"dubbed"
49780,"unknown"
49926,"dubbed"
49930,"dubbed"
49969,"dubbed"
50204,"dubbed"
50267,"unknown"
50599,"unknown"
50185,"dubbed"
50281,"unknown"
42808,"dubbed"
9175,"unknown"
50418,"unknown"
3458,"unknown"
14213,"unknown"
7175,"unknown"
38070,"dubbed"
36135,"unknown"
19,"dubbed"
33,"dubbed"
877,"dubbed"
1210,"dubbed"
1453,"dubbed"
3701,"unknown"
13331,"dubbed"
400,"dubbed"
12413,"dubbed"
13203,"dubbed"
210,"dubbed"
26,"dubbed"
1818,"dubbed"
2451,"dubbed"
323,"dubbed"
30240,"dubbed"
914,"dubbed"
4039,"dubbed"
226,"dubbed"
17729,"unknown"
12487,"dubbed"
857,"dubbed"
15451,"dubbed"
40010,"dubbed, partially dubbed"
39469,"unknown"
10620,"dubbed"
1608,"dubbed"
24703,"dubbed"
156,"dubbed"
1060,"unknown"
2216,"dubbed"
1454,"unknown"
1292,"dubbed"
11617,"dubbed"
198,"dubbed"
11499,"dubbed"
3859,"unknown"
1426,"unknown"
2929,"unknown"
1655,"dubbed"
6381,"dubbed"
3342,"dubbed"
29786,"dubbed"
5226,"unknown"
34281,"dubbed"
330,"dubbed"
306,"dubbed"
147,"dubbed"
10719,"dubbed"
274,"dubbed"
32949,"dubbed"
369,"dubbed"
276,"dubbed"
277,"dubbed"
1941,"dubbed"
3229,"unknown"
11021,"dubbed"
5032,"unknown"
8074,"dubbed"
17247,"dubbed"
4063,"dubbed"
18277,"unknown"
79,"dubbed"
1602,"dubbed"
34019,"dubbed"
395,"dubbed"
3332,"unknown"
36726,"unknown"
58,"dubbed"
32313,"dubbed"
6747,"dubbed"
30307,"dubbed"
3455,"dubbed"
384,"dubbed"
3418,"unknown"
3616,"unknown"
8057,"unknown"
2694,"unknown"
1025,"dubbed"
941,"unknown"
3667,"dubbed"
3654,"unknown"
1128,"dubbed"
621,"dubbed"
1104,"dubbed"
5155,"unknown"
21431,"dubbed"
6324,"unknown"
17741,"unknown"
11837,"dubbed"
5343,"unknown"
9367,"dubbed"
6112,"unknown"
32866,"dubbed"
8277,"dubbed"
2993,"dubbed"
1219,"unknown"
649,"dubbed"
1956,"dubbed"
193,"dubbed"
554,"dubbed"
18001,"dubbed"
4196,"dubbed"
7580,"dubbed"
4262,"unknown"
23233,"dubbed"
15377,"dubbed"
146,"dubbed"
1127,"dubbed"
37982,"dubbed"
3077,"unknown"
5940,"dubbed"
1703,"unknown"
2494,"unknown"
9922,"dubbed"
1103,"dubbed"
886,"dubbed"
222,"dubbed"
5973,"dubbed"
1660,"dubbed"
1149,"dubbed"
487,"dubbed"
1629,"dubbed"
2795,"dubbed"
6166,"dubbed"
3081,"unknown"
28819,"dubbed"
32603,"unknown"
2501,"dubbed"
403,"unknown"
637,"unknown"
12549,"unknown"
63,"dubbed"
34964,"unknown"
7148,"dubbed"
10308,"dubbed"
4503,"unknown"
41812,"dubbed"
6633,"dubbed"
9750,"unknown"
13367,"dubbed"
412,"unknown"
497,"unknown"
197,"unknown"
10109,"unknown"
33743,"dubbed"
14199,"unknown"
591,"dubbed"
10611,"unknown"
21033,"dubbed"
4723,"unknown"
14283,"unknown"
34525,"dubbed"
1807,"unknown"
4744,"unknown"
257,"dubbed"
3503,"dubbed"
241,"dubbed"
2367,"unknown"
23309,"unknown"
718,"dubbed"
9936,"dubbed"
10073,"unknown"
19151,"unknown"
40750,"unknown"
26443,"unknown"
3021,"unknown"
32379,"dubbed"
36037,"dubbed"
6979,"unknown"
555,"dubbed"
610,"dubbed"
11859,"dubbed"
8215,"unknown"
9882,"unknown"
1057,"unknown"
4591,"unknown"
5132,"unknown"
17777,"unknown"
10465,"unknown"
133,"dubbed"
4719,"dubbed"
15565,"dubbed"
21809,"dubbed"
31845,"unknown"
6583,"unknown"
8861,"unknown"
5143,"unknown"
3391,"unknown"
30385,"dubbed"
28071,"unknown"
4853,"unknown"
32171,"unknown"
25429,"unknown"
624,"dubbed"
8890,"unknown"
841,"dubbed"
321,"dubbed"
1991,"unknown"
6428,"unknown"
1097,"unknown"
294,"dubbed"
275,"unknown"
1743,"dubbed"
5344,"unknown"
8765,"unknown"
510,"unknown"
9015,"unknown"
11763,"dubbed"
668,"unknown"
40623,"dubbed"
42414,"unknown"
3259,"unknown"
40608,"unknown"
33834,"dubbed"
1442,"dubbed"
40196,"dubbed"
3264,"unknown"
354,"unknown"
832,"unknown"
19121,"unknown"
22225,"unknown"
2476,"unknown"
964,"unknown"
40436,"dubbed"
2308,"unknown"
2364,"dubbed"
3205,"unknown"
34383,"unknown"
1708,"unknown"
38814,"unknown"
36847,"dubbed"
1745,"unknown"
30782,"dubbed"
3112,"unknown"
43356,"unknown"
9821,"unknown"
48208,"unknown"
6727,"unknown"
4121,"unknown"
30027,"unknown"
21447,"unknown"
43348,"unknown"
44167,"unknown"
48054,"unknown"
48203,"unknown"
46172,"unknown"
48046,"unknown"
48047,"unknown"
41470,"unknown"
3846,"unknown"
7751,"unknown"
33946,"unknown"
32402,"unknown"
35317,"unknown"
35799,"unknown"
47763,"unknown"
5374,"unknown"
16159,"unknown"
45904,"unknown"
48050,"unknown"
43672,"unknown"
48017,"unknown"
44162,"unknown"
44163,"unknown"
44164,"unknown"
29387,"unknown"
11533,"unknown"
22893,"unknown"
31924,"unknown"
41667,"unknown"
35699,"unknown"
30117,"unknown"
29427,"unknown"
20173,"unknown"
12613,"unknown"
40045,"unknown"
43778,"unknown"
20001,"unknown"
12391,"unknown"
39029,"unknown"
45790,"unknown"
2735,"unknown"
46299,"unknown"
40832,"unknown"
41951,"unknown"
47944,"unknown"
49961,"unknown"
33479,"unknown"
33599,"unknown"
29371,"unknown"
37941,"dubbed"
46126,"unknown"
32876,"unknown"
33583,"unknown"
40406,"unknown"
40407,"unknown"
40408,"unknown"
34309,"unknown"
27943,"unknown"
32136,"unknown"
5184,"unknown"
31361,"unknown"
48790,"unknown"
50052,"unknown"
33398,"unknown"
37369,"unknown"
39356,"unknown"
41404,"unknown"
23555,"unknown"
36981,"unknown"
33727,"unknown"
31562,"unknown"
38857,"unknown"
35478,"unknown"
23737,"unknown"
35444,"unknown"
29844,"unknown"
30409,"unknown"
48094,"unknown"
20027,"unknown"
12181,"unknown"
25059,"unknown"
34182,"unknown"
34264,"unknown"
35106,"unknown"
35108,"unknown"
21491,"unknown"
9455,"unknown"
22999,"unknown"
8891,"unknown"
8777,"unknown"
17601,"unknown"
45915,"unknown"
18573,"unknown"
21019,"unknown"
23013,"unknown"
16393,"unknown"
3514,"unknown"
5089,"unknown"
31019,"unknown"
41384,"unknown"
29740,"unknown"
37927,"unknown"
22585,"unknown"
24845,"unknown"
24403,"unknown"
19305,"unknown"
30144,"unknown"
41383,"unknown"
34358,"unknown"
34363,"unknown"
9070,"unknown"
18469,"unknown"
48295,"unknown"
25139,"unknown"
38363,"unknown"
34234,"unknown"
8415,"unknown"
35698,"unknown"
8799,"unknown"
37780,"unknown"
41114,"unknown"
17624,"unknown"
29846,"unknown"
2742,"unknown"
50285,"unknown"
29435,"unknown"
41276,"unknown"
20085,"unknown"
17521,"unknown"
41349,"unknown"
21539,"unknown"
19831,"unknown"
37559,"unknown"
25809,"unknown"
41458,"unknown"
8999,"unknown"
37328,"unknown"
35656,"unknown"
41776,"unknown"
41777,"unknown"
41778,"unknown"
48486,"unknown"
20023,"unknown"
30025,"unknown"
23011,"unknown"
17467,"unknown"
33414,"unknown"
36002,"unknown"
35372,"unknown"
29399,"unknown"
28089,"unknown"
13165,"unknown"
7960,"unknown"
48061,"unknown"
49968,"unknown"
38099,"unknown"
13463,"unknown"
48034,"unknown"
29487,"unknown"
28247,"unknown"
32842,"unknown"
35112,"unknown"
30417,"unknown"
33002,"unknown"
10953,"unknown"
35962,"unknown"
24121,"dubbed"
33310,"unknown"
10856,"unknown"
10855,"unknown"
40087,"unknown"
34156,"unknown"
32660,"unknown"
43642,"unknown"
21981,"unknown"
15897,"unknown"
31464,"unknown"
36552,"unknown"
34852,"unknown"
31078,"unknown"
20005,"unknown"
17423,"unknown"
34235,"unknown"
40089,"unknown"
48594,"unknown"
33835,"unknown"
35963,"unknown"
3769,"unknown"
41101,"unknown"
17613,"unknown"
36530,"unknown"
48250,"unknown"
27461,"unknown"
27453,"unknown"
38611,"dubbed"
38612,"dubbed"
48231,"unknown"
48859,"unknown"
16650,"unknown"
48273,"unknown"
37686,"unknown"
9426,"unknown"
9533,"unknown"
10459,"unknown"
11589,"unknown"
37096,"unknown"
15873,"unknown"
42922,"unknown"
45770,"unknown"
45820,"unknown"
49992,"unknown"
43941,"unknown"
48080,"unknown"
49971,"unknown"
48089,"unknown"
47978,"unknown"
46694,"unknown"
45815,"unknown"
48049,"unknown"
46827,"unknown"
48028,"unknown"
45078,"unknown"
37263,"unknown"
41277,"unknown"
16526,"unknown"
38451,"unknown"
19467,"unknown"
3372,"unknown"
13459,"unknown"
6195,"unknown"
3073,"unknown"
15069,"unknown"
32221,"unknown"
42654,"unknown"
42660,"unknown"
4547,"unknown"
20147,"unknown"
29375,"unknown"
39691,"unknown"
20003,"unknown"
7211,"unknown"
9061,"unknown"
45660,"unknown"
45661,"unknown"
45662,"unknown"
36036,"unknown"
30138,"unknown"
31547,"unknown"
8685,"unknown"
4940,"unknown"
47800,"unknown"
44153,"unknown"
49920,"unknown"
44144,"unknown"
44145,"unknown"
44146,"unknown"
44147,"unknown"
44148,"unknown"
44149,"unknown"
44151,"unknown"
44152,"unknown"
47762,"unknown"
29471,"unknown"
3869,"unknown"
5810,"unknown"
31691,"unknown"
43253,"unknown"
21483,"unknown"
27681,"unknown"
4684,"unknown"
42482,"unknown"
30028,"unknown"
25607,"unknown"
43684,"unknown"
43729,"unknown"
34456,"unknown"
37054,"unknown"
28887,"unknown"
48254,"unknown"
35508,"unknown"
47946,"unknown"
43450,"unknown"
36015,"unknown"
45718,"unknown"
41415,"unknown"
46949,"unknown"
48082,"unknown"
43676,"unknown"
48037,"unknown"
47952,"unknown"
10506,"unknown"
1739,"unknown"
36736,"unknown"
48009,"unknown"
33538,"unknown"
33540,"unknown"
18939,"unknown"
18941,"unknown"
9885,"unknown"
21487,"unknown"
16486,"unknown"
37714,"unknown"
35107,"unknown"
7980,"unknown"
17315,"unknown"
22997,"unknown"
15579,"unknown"
46381,"unknown"
22313,"unknown"
10633,"unknown"
29401,"unknown"
29389,"unknown"
19981,"unknown"
46307,"unknown"
8829,"unknown"
8832,"unknown"
7639,"unknown"
20223,"unknown"
48084,"unknown"
45538,"unknown"
45532,"unknown"
45537,"unknown"
45535,"unknown"
45540,"unknown"
45533,"unknown"
45534,"unknown"
45536,"unknown"
49065,"unknown"
45539,"unknown"
45080,"unknown"
43662,"unknown"
48078,"unknown"
49970,"unknown"
10541,"unknown"
13551,"unknown"
45696,"unknown"
45697,"unknown"
45698,"unknown"
48262,"unknown"
1863,"unknown"
40090,"unknown"
11405,"unknown"
28019,"unknown"
19999,"unknown"
8143,"unknown"
48256,"unknown"
44014,"unknown"
46711,"unknown"
11609,"unknown"
33188,"unknown"
11497,"unknown"
3822,"unknown"
17619,"unknown"
37787,"dubbed"
3451,"dubbed"
18447,"unknown"
30120,"unknown"
48333,"unknown"
36657,"unknown"
29429,"unknown"
10989,"unknown"
9906,"unknown"
6482,"unknown"
6481,"unknown"
44178,"unknown"
24969,"unknown"
48043,"unknown"
48257,"unknown"
48258,"unknown"
6981,"unknown"
16454,"unknown"
34490,"unknown"
2701,"unknown"
38568,"unknown"
36265,"unknown"
40455,"unknown"
38560,"unknown"
48263,"unknown"
22065,"unknown"
9562,"unknown"
40423,"unknown"
42090,"unknown"
48347,"unknown"
32590,"unknown"
47774,"unknown"
35138,"unknown"
48260,"unknown"
3937,"unknown"
29485,"unknown"
49555,"unknown"
19843,"unknown"
30232,"unknown"
15865,"unknown"
46706,"unknown"
17487,"unknown"
48344,"unknown"
38569,"unknown"
38570,"unknown"
19989,"unknown"
29425,"unknown"
43673,"unknown"
50522,"unknown"
32585,"unknown"
2930,"unknown"
19445,"unknown"
7629,"unknown"
31892,"unknown"
31893,"unknown"
9956,"unknown"
32596,"dubbed"
46283,"unknown"
33739,"dubbed"
33753,"unknown"
45861,"unknown"
47960,"unknown"
47767,"unknown"
29369,"unknown"
38075,"unknown"
19991,"unknown"
38571,"unknown"
20125,"unknown"
29473,"unknown"
33473,"unknown"
13457,"unknown"
29209,"unknown"
10242,"unknown"
20233,"unknown"
6730,"unknown"
45707,"unknown"
46213,"unknown"
48346,"unknown"
5278,"unknown"
2366,"unknown"
18137,"unknown"
20087,"unknown"
6917,"unknown"
5473,"unknown"
45830,"unknown"
37749,"unknown"
35542,"unknown"
35543,"unknown"
37750,"unknown"
19311,"unknown"
48022,"unknown"
3975,"unknown"
37002,"unknown"
6989,"unknown"
42870,"unknown"
12897,"unknown"
12887,"unknown"
19985,"unknown"
10815,"unknown"
8345,"unknown"
34078,"unknown"
37698,"unknown"
48301,"unknown"
12835,"unknown"
34990,"unknown"
32580,"unknown"
33085,"unknown"
4598,"dubbed"
37467,"unknown"
40671,"unknown"
40672,"unknown"
40670,"unknown"
42068,"unknown"
30131,"unknown"
30605,"unknown"
35641,"unknown"
33431,"unknown"
33083,"unknown"
33084,"unknown"
47947,"unknown"
47948,"unknown"
47949,"unknown"
47951,"unknown"
17106,"unknown"
46040,"unknown"
46277,"unknown"
2708,"unknown"
12139,"unknown"
46940,"unknown"
6868,"unknown"
29747,"unknown"
22219,"unknown"
39978,"unknown"
22503,"unknown"
29099,"unknown"
30875,"unknown"
33099,"unknown"
35295,"unknown"
37630,"unknown"
39528,"unknown"
41522,"unknown"
48539,"unknown"
41426,"unknown"
9952,"unknown"
19839,"unknown"
12039,"unknown"
31696,"unknown"
47765,"unknown"
45866,"unknown"
9948,"unknown"
48303,"unknown"
49071,"unknown"
12809,"unknown"
7419,"unknown"
45921,"unknown"
31701,"unknown"
48012,"unknown"
43984,"unknown"
43997,"unknown"
43985,"unknown"
43986,"unknown"
49079,"unknown"
43988,"unknown"
43987,"unknown"
44000,"unknown"
49078,"unknown"
43989,"unknown"
43992,"unknown"
44004,"unknown"
43998,"unknown"
44001,"unknown"
43996,"unknown"
43994,"unknown"
43999,"unknown"
43983,"unknown"
43990,"unknown"
43995,"unknown"
43982,"unknown"
43991,"unknown"
44002,"unknown"
43993,"unknown"
34129,"unknown"
47982,"unknown"
9822,"unknown"
45729,"unknown"
37225,"unknown"
40091,"unknown"
40092,"unknown"
46328,"unknown"
43680,"unknown"
45706,"unknown"
37300,"unknown"
48048,"unknown"
49967,"unknown"
47060,"unknown"
48069,"unknown"
31700,"unknown"
47751,"unknown"
46705,"unknown"
48091,"unknown"
48025,"unknown"
49966,"unknown"
48053,"unknown"
45522,"unknown"
49069,"unknown"
45869,"unknown"
47987,"unknown"
44166,"unknown"
48065,"unknown"
45812,"unknown"
48016,"unknown"
47760,"unknown"
43611,"unknown"
45302,"unknown"
30140,"unknown"
33630,"unknown"
33670,"unknown"
48100,"unknown"
43679,"unknown"
48090,"unknown"
32820,"dubbed"
32819,"unknown"
32821,"unknown"
32818,"dubbed"
34677,"dubbed"
37102,"unknown"
34676,"dubbed"
37101,"unknown"
37219,"unknown"
48024,"unknown"
49965,"unknown"
48092,"unknown"
48074,"unknown"
31177,"unknown"
12793,"unknown"
30116,"unknown"
10705,"unknown"
10706,"unknown"
33933,"unknown"
5468,"unknown"
28201,"unknown"
25589,"unknown"
48292,"unknown"
43305,"unknown"
38069,"unknown"
48087,"unknown"
46721,"unknown"
48118,"unknown"
47988,"unknown"
46310,"unknown"
27467,"unknown"
46293,"unknown"
50141,"unknown"
12781,"unknown"
23351,"unknown"
7625,"unknown"
12771,"unknown"
30119,"unknown"
45858,"unknown"
47991,"unknown"
43322,"unknown"
36167,"unknown"
48304,"unknown"
34794,"unknown"
35385,"unknown"
3500,"unknown"
5841,"unknown"
46375,"unknown"
35957,"unknown"
12767,"unknown"
18983,"unknown"
12765,"unknown"
48035,"unknown"
38016,"unknown"
44026,"unknown"
39450,"unknown"
9520,"unknown"
9522,"unknown"
38093,"unknown"
5234,"unknown"
23313,"unknown"
10987,"unknown"
22709,"unknown"
42468,"unknown"
42979,"unknown"
36429,"unknown"
9903,"unknown"
48113,"unknown"
45769,"unknown"
46316,"unknown"
45688,"unknown"
47058,"unknown"
47986,"unknown"
48058,"unknown"
38126,"unknown"
38124,"unknown"
38125,"unknown"
38131,"unknown"
38117,"unknown"
38128,"unknown"
38122,"unknown"
38138,"unknown"
41635,"unknown"
39798,"unknown"
38129,"unknown"
38118,"unknown"
38127,"unknown"
38119,"unknown"
38123,"unknown"
38120,"unknown"
38136,"unknown"
46154,"unknown"
48038,"unknown"
43677,"unknown"
41686,"dubbed"
48323,"unknown"
13167,"unknown"
13455,"unknown"
35025,"unknown"
16696,"unknown"
48010,"unknown"
23149,"unknown"
45868,"unknown"
45689,"unknown"
11541,"unknown"
48290,"unknown"
48510,"unknown"
17086,"unknown"
17090,"unknown"
47775,"unknown"
38365,"unknown"
36073,"unknown"
48495,"unknown"
51132,"unknown"
18635,"unknown"
34928,"unknown"
35226,"unknown"
29836,"unknown"
29843,"unknown"
47989,"unknown"
18819,"unknown"
48287,"unknown"
17671,"unknown"
20237,"unknown"
25063,"unknown"
8239,"unknown"
36978,"unknown"
41440,"unknown"
48276,"unknown"
48288,"unknown"
34249,"unknown"
41115,"unknown"
48187,"unknown"
33044,"unknown"
21553,"unknown"
35605,"unknown"
42998,"unknown"
22247,"unknown"
39031,"unknown"
34669,"unknown"
40249,"unknown"
46728,"unknown"
35710,"unknown"
50681,"unknown"
15787,"unknown"
38121,"unknown"
47996,"unknown"
48007,"unknown"
9284,"unknown"
18227,"unknown"
37117,"unknown"
48079,"unknown"
48114,"unknown"
45526,"unknown"
45527,"unknown"
45529,"unknown"
45531,"unknown"
45530,"unknown"
45528,"unknown"
48062,"unknown"
24875,"unknown"
30989,"unknown"
36611,"unknown"
48350,"unknown"
48762,"unknown"
35697,"unknown"
48068,"unknown"
17687,"unknown"
19547,"unknown"
45523,"unknown"
48030,"unknown"
5478,"unknown"
45525,"unknown"
45703,"unknown"
29373,"unknown"
8520,"unknown"
8521,"unknown"
9812,"dubbed, partially dubbed"
41638,"unknown"
48221,"unknown"
18191,"unknown"
48223,"unknown"
30892,"unknown"
8184,"unknown"
8182,"unknown"
39634,"unknown"
29467,"unknown"
9540,"unknown"
47998,"unknown"
10210,"unknown"
45190,"unknown"
34891,"unknown"
32237,"unknown"
46305,"unknown"
48335,"unknown"
47267,"unknown"
34664,"unknown"
39012,"unknown"
36735,"unknown"
35517,"unknown"
37653,"unknown"
23721,"unknown"
48343,"unknown"
35914,"unknown"
37798,"unknown"
45206,"unknown"
48044,"unknown"
45862,"unknown"
41417,"unknown"
48102,"unknown"
48051,"unknown"
37428,"unknown"
48085,"unknown"
9868,"unknown"
17893,"unknown"
30060,"unknown"
8025,"unknown"
11733,"unknown"
8501,"unknown"
32417,"unknown"
32418,"unknown"
32419,"unknown"
47623,"unknown"
9383,"unknown"
29385,"unknown"
22755,"unknown"
16303,"unknown"
14623,"unknown"
48334,"unknown"
17457,"unknown"
38092,"unknown"
33262,"unknown"
48327,"unknown"
21433,"unknown"
23511,"dubbed"
48328,"unknown"
8853,"unknown"
47971,"unknown"
48332,"unknown"
48331,"unknown"
38525,"unknown"
38526,"unknown"
39820,"unknown"
46317,"unknown"
32944,"unknown"
37943,"dubbed"
37945,"dubbed"
13503,"unknown"
13505,"unknown"
40589,"unknown"
48789,"unknown"
45705,"unknown"
32630,"unknown"
48340,"dubbed"
35817,"unknown"
7956,"dubbed"
43803,"unknown"
46150,"unknown"
9955,"unknown"
43681,"unknown"
47955,"unknown"
38427,"unknown"
39635,"unknown"
48077,"unknown"
29469,"unknown"
18007,"dubbed"
10887,"unknown"
48005,"unknown"
48081,"unknown"
43309,"unknown"
17703,"unknown"
23799,"unknown"
48109,"unknown"
30893,"unknown"
27551,"unknown"
36881,"unknown"
43319,"unknown"
43320,"unknown"
7750,"unknown"
48904,"unknown"
45618,"unknown"
31746,"unknown"
34207,"unknown"
15957,"unknown"
21485,"unknown"
30034,"unknown"
8879,"unknown"
19901,"unknown"
24663,"unknown"
48517,"unknown"
20077,"unknown"
20083,"unknown"
8478,"dubbed"
20009,"unknown"
31555,"unknown"
36740,"unknown"
41529,"unknown"
46652,"unknown"
39039,"unknown"
47959,"unknown"
46276,"unknown"
8179,"unknown"
20201,"unknown"
29431,"unknown"
9028,"unknown"
43447,"unknown"
40368,"unknown"
28087,"unknown"
27369,"unknown"
40487,"unknown"
30026,"unknown"
3243,"unknown"
48289,"unknown"
45704,"unknown"
48307,"unknown"
47023,"unknown"
46279,"unknown"
46157,"unknown"
41494,"unknown"
33671,"unknown"
33792,"unknown"
48086,"unknown"
19997,"unknown"
18005,"unknown"
35319,"unknown"
10533,"unknown"
10997,"unknown"
23973,"unknown"
30342,"unknown"
33842,"unknown"
30121,"unknown"
17623,"unknown"
30118,"unknown"
25503,"unknown"
31640,"unknown"
5594,"unknown"
9949,"unknown"
40273,"unknown"
36506,"unknown"
48325,"unknown"
23607,"unknown"
9345,"unknown"
12243,"unknown"
34488,"unknown"
37244,"unknown"
23347,"unknown"
20199,"unknown"
20755,"unknown"
26163,"unknown"
31753,"unknown"
16908,"unknown"
10995,"unknown"
31237,"unknown"
50495,"unknown"
20243,"unknown"
20115,"unknown"
4470,"unknown"
25609,"unknown"
25611,"unknown"
25615,"unknown"
48326,"unknown"
49070,"unknown"
41807,"unknown"
47122,"unknown"
49116,"unknown"
48349,"unknown"
48763,"unknown"
39664,"unknown"
19501,"unknown"
9391,"unknown"
34701,"unknown"
40367,"dubbed"
23107,"unknown"
31692,"unknown"
22669,"unknown"
40299,"unknown"
7177,"unknown"
37752,"unknown"
31699,"unknown"
5477,"unknown"
41117,"unknown"
27521,"unknown"
33290,"unknown"
30602,"unknown"
19457,"unknown"
48096,"unknown"
48072,"unknown"
45816,"unknown"
49184,"unknown"
48029,"unknown"
8195,"unknown"
48083,"unknown"
26089,"unknown"
45524,"unknown"
45687,"unknown"
18937,"unknown"
29507,"unknown"
20239,"unknown"
9811,"unknown"
34831,"unknown"
48324,"unknown"
30411,"unknown"
11545,"unknown"
9807,"unknown"
17667,"unknown"
34841,"unknown"
3251,"unknown"
10539,"unknown"
38008,"unknown"
23015,"unknown"
48088,"unknown"
34511,"unknown"
24465,"unknown"
37942,"dubbed"
37944,"dubbed"
35920,"unknown"
11203,"unknown"
15479,"dubbed"
45916,"unknown"
30470,"unknown"
22821,"unknown"
18241,"unknown"
13431,"unknown"
36231,"unknown"
21549,"unknown"
39130,"unknown"
39138,"unknown"
39121,"unknown"
39133,"unknown"
39136,"unknown"
39122,"unknown"
39123,"unknown"
39139,"unknown"
39124,"unknown"
39125,"unknown"
39137,"unknown"
39126,"unknown"
39129,"unknown"
39140,"unknown"
39127,"unknown"
39128,"unknown"
39135,"unknown"
39131,"unknown"
45834,"unknown"
11213,"unknown"
38147,"unknown"
8191,"unknown"
48076,"unknown"
45699,"unknown"
47776,"unknown"
47957,"unknown"
3414,"unknown"
40758,"unknown"
45683,"unknown"
45764,"unknown"
45756,"unknown"
45765,"unknown"
45762,"unknown"
45763,"unknown"
45755,"unknown"
45766,"unknown"
45757,"unknown"
45759,"unknown"
45758,"unknown"
38535,"unknown"
35643,"dubbed"
38538,"unknown"
38537,"unknown"
45760,"unknown"
19681,"unknown"
9781,"unknown"
9902,"unknown"
48770,"unknown"
37951,"unknown"
9518,"unknown"
3164,"unknown"
44848,"unknown"
20079,"unknown"
20081,"unknown"
21053,"unknown"
19965,"unknown"
19947,"unknown"
48318,"unknown"
11421,"dubbed"
20025,"unknown"
48317,"unknown"
29367,"unknown"
24041,"unknown"
48321,"unknown"
45681,"unknown"
45682,"unknown"
42765,"unknown"
42766,"unknown"
42740,"dubbed"
48021,"unknown"
47992,"unknown"
46256,"unknown"
45679,"unknown"
45690,"unknown"
47954,"unknown"
6701,"unknown"
47070,"unknown"
38881,"unknown"
47945,"unknown"
49960,"unknown"
46295,"unknown"
45761,"unknown"
43808,"unknown"
44399,"unknown"
42033,"dubbed"
42146,"unknown"
42144,"unknown"
33267,"unknown"
45780,"unknown"
48073,"unknown"
28145,"dubbed"
48322,"unknown"
39679,"dubbed"
45702,"unknown"
48067,"unknown"
11857,"unknown"
44911,"unknown"
10889,"unknown"
29748,"unknown"
29746,"unknown"
38010,"unknown"
10965,"unknown"
29529,"unknown"
10236,"unknown"
29527,"unknown"
30777,"unknown"
39628,"unknown"
41813,"unknown"
19087,"unknown"
19987,"unknown"
46309,"unknown"
19505,"unknown"
41116,"unknown"
41118,"unknown"
45911,"unknown"
19993,"unknown"
37978,"unknown"
30151,"unknown"
32568,"unknown"
49431,"unknown"
43416,"unknown"
20123,"unknown"
8065,"unknown"
5140,"unknown"
29489,"unknown"
20127,"unknown"
9371,"unknown"
27723,"unknown"
2738,"unknown"
39007,"unknown"
10797,"unknown"
39040,"unknown"
35695,"unknown"
37359,"unknown"
34666,"unknown"
34665,"unknown"
34667,"unknown"
29433,"unknown"
22651,"unknown"
8244,"unknown"
8353,"unknown"
44171,"unknown"
46142,"unknown"
10237,"unknown"
49221,"unknown"
7525,"unknown"
48342,"unknown"
49664,"unknown"
34233,"unknown"
36003,"unknown"
45596,"unknown"
19995,"dubbed"
44702,"unknown"
31071,"unknown"
48341,"unknown"
41156,"unknown"
35694,"unknown"
38094,"unknown"
38071,"dubbed"
38072,"dubbed"
38074,"dubbed"
38631,"dubbed"
35364,"dubbed"
35365,"dubbed"
49121,"unknown"
30048,"unknown"
42083,"unknown"
24775,"unknown"
34643,"unknown"
23829,"unknown"
29738,"unknown"
41416,"unknown"
42263,"unknown"
42264,"unknown"
35696,"unknown"
30129,"unknown"
27519,"unknown"
17599,"unknown"
50142,"unknown"
29745,"unknown"
29759,"unknown"
7189,"unknown"
8595,"unknown"
33123,"unknown"
31239,"unknown"
48070,"unknown"
43678,"unknown"
45684,"unknown"
46695,"unknown"
45517,"unknown"
45520,"unknown"
45521,"unknown"
45519,"unknown"
48011,"unknown"
45246,"unknown"
45262,"unknown"
45304,"unknown"
24797,"unknown"
11197,"unknown"
48339,"unknown"
48338,"unknown"
17669,"unknown"
5809,"unknown"
37325,"unknown"
22465,"unknown"
19325,"unknown"
39003,"unknown"
20603,"unknown"
31539,"unknown"
7681,"unknown"
27393,"unknown"
36486,"unknown"
37472,"unknown"
36551,"unknown"
40953,"unknown"
42179,"unknown"
9947,"unknown"
43311,"unknown"
43312,"unknown"
46704,"unknown"
43448,"unknown"
43613,"unknown"
48059,"unknown"
47025,"unknown"
38379,"dubbed"
43303,"unknown"
29003,"unknown"
41160,"unknown"
41159,"unknown"
31054,"unknown"
48107,"unknown"
13177,"unknown"
13179,"dubbed"
35476,"unknown"
13465,"unknown"
42852,"unknown"
29421,"unknown"
17102,"unknown"
45908,"unknown"
49326,"unknown"
50997,"unknown"
50998,"unknown"
39685,"unknown"
39686,"unknown"
30057,"unknown"
27965,"unknown"
4905,"unknown"
48198,"unknown"
15915,"unknown"
46324,"unknown"
30906,"unknown"
38167,"unknown"
38166,"unknown"
26087,"unknown"
12185,"unknown"
11525,"unknown"
47956,"unknown"
3180,"unknown"
10136,"unknown"
39119,"unknown"
10138,"unknown"
20183,"unknown"
23001,"unknown"
20231,"unknown"
33300,"unknown"
10137,"unknown"
9856,"unknown"
10709,"unknown"
11245,"unknown"
22509,"unknown"
37560,"unknown"
38776,"unknown"
45728,"unknown"
19873,"unknown"
40939,"unknown"
33383,"unknown"
47022,"unknown"
10239,"unknown"
39473,"unknown"
50559,"unknown"
50695,"unknown"
31445,"unknown"
50172,"unknown"
49828,"unknown"
50384,"unknown"
50193,"unknown"
49376,"unknown"
35335,"unknown"
50923,"unknown"
51179,"unknown"
50638,"unknown"
50582,"unknown"
46422,"unknown"
51105,"unknown"
51128,"unknown"
39474,"unknown"
50955,"unknown"
40652,"unknown"
50864,"unknown"
50461,"unknown"
50739,"unknown"
48895,"unknown"
50380,"unknown"
50348,"unknown"
50663,"unknown"
50917,"unknown"
44583,"unknown"
38006,"unknown"
34348,"unknown"
43470,"unknown"
48363,"unknown"
50613,"unknown"
50664,"unknown"
51215,"unknown"
49304,"unknown"
50184,"unknown"
50306,"unknown"
49160,"unknown"
49782,"unknown"
50060,"unknown"
48415,"unknown"
48442,"unknown"
49342,"unknown"
50099,"unknown"
50221,"unknown"
49849,"unknown"
51098,"unknown"
47162,"unknown"
50379,"unknown"
50416,"unknown"
50738,"unknown"
45653,"unknown"
50265,"unknown"
50602,"unknown"
47194,"unknown"
40356,"unknown"
40357,"unknown"
50284,"unknown"
37616,"unknown"
47163,"unknown"
49891,"unknown"
50760,"unknown"
42385,"unknown"
43629,"unknown"
44056,"unknown"
41589,"unknown"
50608,"unknown"
50273,"unknown"
47158,"unknown"
50307,"unknown"
49889,"unknown"
49533,"unknown"
49766,"unknown"
50710,"unknown"
40590,"unknown"
42962,"unknown"
40333,"unknown"
43771,"unknown"
49387,"unknown"
48491,"unknown"
50438,"unknown"
50346,"unknown"
49233,"unknown"
51096,"unknown"
51180,"unknown"
39110,"unknown"
50552,"unknown"
50607,"unknown"
51092,"unknown"
50175,"unknown"
49520,"unknown"
50871,"unknown"
49052,"unknown"
50205,"unknown"
50606,"unknown"
44081,"unknown"
50854,"unknown"
50248,"unknown"
49831,"unknown"
41467,"unknown"
49596,"unknown"
47917,"unknown"
49918,"unknown"
48777,"unknown"
50330,"unknown"
50583,"unknown"
51155,"unknown"
49820,"unknown"
49819,"unknown"
44511,"unknown"
50250,"unknown"
50985,"unknown"
39905,"unknown"
49125,"unknown"
48702,"unknown"
41461,"unknown"
48779,"unknown"
48542,"unknown"
48549,"unknown"
51037,"unknown"
47164,"unknown"
50002,"unknown"
48441,"unknown"
49894,"unknown"
50481,"unknown"
50862,"unknown"
50999,"unknown"
49785,"unknown"
49709,"unknown"
48649,"unknown"
48760,"unknown"
47160,"unknown"
50528,"unknown"
51119,"unknown"
49691,"unknown"
48413,"unknown"
48857,"unknown"
49692,"unknown"
49154,"unknown"
42429,"unknown"
50891,"unknown"
51154,"unknown"
46654,"unknown"
50197,"unknown"
50600,"unknown"
44524,"unknown"
49220,"unknown"
50220,"unknown"
49438,"unknown"
41514,"unknown"
50789,"unknown"
42994,"unknown"
46569,"unknown"
51009,"unknown"
48316,"unknown"
50685,"unknown"
43608,"unknown"
48675,"unknown"
50470,"unknown"
50869,"unknown"
49109,"unknown"
42963,"unknown"
45613,"unknown"
51019,"unknown"
50796,"unknown"
50160,"unknown"
51213,"unknown"
48643,"unknown"
50631,"unknown"
48742,"unknown"
45486,"unknown"
49776,"unknown"
50338,"unknown"
51064,"unknown"
44204,"unknown"
50678,"unknown"
50287,"unknown"
36252,"unknown"
49556,"unknown"
48916,"unknown"
50203,"unknown"
50709,"unknown"
42745,"unknown"
34832,"unknown"
41084,"unknown"
49291,"unknown"
48981,"unknown"
38585,"unknown"
48842,"unknown"
49784,"unknown"
49470,"unknown"
48417,"unknown"
48418,"unknown"
50392,"unknown"
40746,"unknown"
49637,"unknown"
39337,"unknown"
37281,"unknown"
44044,"unknown"
46701,"dubbed"
39963,"dubbed"
40254,"unknown"
47591,"unknown"
41332,"unknown"
38797,"unknown"
47792,"dubbed"
49223,"unknown"
42517,"unknown"
42714,"unknown"
36198,"unknown"
36840,"unknown"
37320,"unknown"
38212,"unknown"
41466,"dubbed"
35629,"unknown"
34823,"unknown"
49460,"unknown"
50469,"unknown"
42238,"unknown"
48032,"unknown"
44132,"unknown"
44133,"unknown"
38416,"unknown"
47797,"unknown"
51368,"unknown"
51297,"unknown"
51252,"unknown"
49979,"unknown"
51306,"unknown"
51293,"unknown"
51304,"unknown"
51305,"unknown"
51212,"unknown"
51265,"unknown"
